ranking,Korean_word,etymology,Japanese_meaning,memo,part_of_speech,hint,grade
1195,가게,,店,,명,,A
898,가격03,,価格,,명,價格,B
7434,가구04,,家具,,명,家具,B
4964,가까워지다,,近づく,,동,,B
1695,가까이,,近くに,,부,,B
648,가깝다,,近い,,형,,A
1747,가꾸다,,（植物を）育てる、（身だしなみを）整える,,동,,B
852,가끔,,時々、たまに,,부,,A
1716,가난하다,,貧しい,,형,,B
2757,가늘다,,細い,,형,,B
483,가능성,,可能性,,명,可能性,B
501,가능하다,,可能だ,,형,可能-,B
25,가다01,,行く,,동,,A
150,가다01,,（～て）行く,,보,,A
1196,가득01,,いっぱいに,,부,~ 차다,B
3561,가득하다01,,いっぱいだ,,형,,B
9014,가로01,,横に,,명,~와 세로,B
2789,가루01,,粉,,명,분필 ~,B
698,가르치다01,,教える,,동,,A
2913,가리다02,,遮る,,동,시야를 ~,B
2305,가리다03,,区別する,,동,시비를 ~,B
1367,가리키다01,,示す,,동,,B
1706,가만히,,じっと、何もせず,,부,,B
1530,가방01,,カバン,,명,~을 메다,A
1189,가볍다,,軽い,,형,,A
2000,가수11,,歌手,,명,歌手,A
2053,가스,,ガス,,명,gas,B
384,가슴01,,胸,,명,,A
3904,가슴속,,胸の内,,명,,B
6526,가요02,,歌謡、大衆曲,,명,歌謠,B
264,가운데,,中央,,명,,A
6172,가위01,,鋏[はさみ],,명,기구,B
1268,가을01,,秋,,명,,A
5167,가이드,,ガイド,,명,guide,B
127,가장01,,最も,,부,,A
715,가정06,,過程,,명,家庭,B
3512,가져가다,,持っていく,,동,,B
5704,가져다주다,,持っていってあげる、持ってきてくれる,,동,,B
1060,가져오다,,持ってくる,,동,,A
409,가족01,,家族,,명,家族,A
5072,가죽01,,革、（動物の）皮,,명,,B
2124,가지01,,枝,,명,~를 치다,B
129,가지04,,～種類,,의,한 ~,B
94,가지다,,持つ、所有する,「所有する、備えている」という意味であり、「（物理的に手に）持つ」という意味はない。,동,,A
4668,가짜,,偽物、偽者,,명,假-,B
422,각01,,各,,관,各,B
751,각각01,,各々、それぞれ,,부,各各,B
2885,각국,,各国,,명,各國,B
3562,각자02,,各自,,부,各自,B
815,각종,,各種,,명,各種,B
335,간10,,～間,,의,間. 서울과 부산 ~,B
1336,간단하다02,,簡単だ、単純だ,「易しい」という意味よりも「単純だ」という意味が強い。,형,簡單-,B
2987,간단히,,簡単に,,부,簡單-,B
8290,간식02,,おやつ、間食,,명,間食,B
3100,간장01,,醤油,,명,#NAME?,B
7438,간호사,,看護師,,명,看護師,A
6736,갈다01,,替える,,동,바꾸다,B
2401,갈다02,,歯ぎしりをする,,동,문지르다,B
12246,갈비01,,カルビ（肋骨付近の肉）,,명,,A
38470,갈비탕,,カルビタン,牛の骨付きあばら肉を煮込んだスープ,명,#NAME?,B
3342,갈색,,茶色,,명,褐色,B
4035,갈아입다,,着替える,,동,,B
9018,갈아타다,,乗り換える,,동,,B
8293,감01,,柿,,명,과일,B
3343,감기04,,風邪,,명,感氣,A
2125,감다01,,（目を）閉じる,,동,눈을 ~,B
2432,감동02,,感動,,명,感動,B
6352,감사08,,感謝,,명,感謝,A
4966,감사하다05,,感謝する,,동,感謝-,A
6530,감상05,,鑑賞,,명,鑑賞,B
4321,감상하다04,,鑑賞する,,동,鑑賞-,B
3513,감자01,,ジャガイモ,,명,,B
846,감정06,,感情,,명,感情,B
475,갑자기,,急に、突然,,부,,A
788,값,,値段,,명,,A
1812,강01,,大きな川,,명,江,A
8651,강당,,講堂,,명,講堂,B
4967,강도06,,強盗,,명,强盜,B
2988,강물,,大きな川の水,,명,江-,B
14028,강아지,,子犬,,명,,B
,강원도,,江原道,,고,江原道,B
2275,강제01,,強制,,명,强制,B
631,강조하다,,強調,,동,强調-,B
584,강하다02,,強い,,형,强-,B
190,갖다01,,持つ、所有する,「가지다」の短縮形。,동,가지다,B
22,같다,,同じだ、～のようだ,「<名詞>하고 같다」は「<名詞>と同じだ」という意味だが、「<名詞> 같다」では「<名詞>のようだ」という意味。,형,,A
203,같이,,一緒に,,부,,A
1569,개03,,犬,,명,동물,A
85,개10,,～個,,의,個,A
4486,개구리,,蛙,,명,,B
7440,개나리01,,レンギョウ,,명,,B
1269,개발하다,,開発する,,동,開發-,B
799,개월,,～ヶ月,,의,個月,A
562,개인02,,個人,,명,個人,B
2758,개인적,,個人的,,명,個人的,B
1228,걔,,その子、そいつ,,불,그 아이,B
20,거01,,,,의,것,A
3102,거01,,もの、こと,「것」の話し言葉。,대,것,A
293,거기01,,そこ,,대,,A
1258,거리01,,町の通り,,명,길~,A
9901,거리02,,～になるようなもの,例えば「이야기 거리」は「話のネタ」。,의,반찬~,B
2675,거실02,,リビング,,명,居室,B
2109,거울01,,鏡,,명,,A
306,거의01,,ほとんど,,부,,B
4039,거짓,,偽[いつわ]り、偽[にせ],,명,,B
2246,거짓말,,嘘,,명,,B
1129,걱정,,心配,,명,,A
10384,걱정되다,,心配だ,,동,,B
5850,걱정스럽다,,心配だ,,형,,B
2491,걱정하다,,心配する,,동,,A
647,건강03,,健康,,명,健康,A
1297,건강하다02,,健康だ、元気だ,,형,健康-,A
4255,건너가다,,渡る、渡っていく,,동,,B
2276,건너다,,渡る,,동,,B
7167,건너오다,,渡る、渡ってくる,,동,,B
5448,건너편,,向こう側,,명,#NAME?,B
649,건물03,,建物,,명,建物,A
2790,건지다,,すくいあげる,,동,,B
2616,건축01,,建築,,명,建築,B
546,걷다02,,歩く,,동,느릿느릿 ~,A
716,걸다02,,掛ける,,동,옷을 ~,A
380,걸리다01,,掛かる,,동,'걸다'의 피동사,B
1970,걸어가다,,歩く、歩いていく,,동,,A
4041,걸어오다01,,歩く、歩いてくる,,동,집까지 ~,A
1647,걸음,,歩み,,명,,B
1585,검다02,,黒い,,형,색깔이 ~,B
1512,검사03,,検査,,명,檢査,B
3064,검은색,,黒、黒色,,명,#NAME?,A
38923,검정색,,黒、黒色,,명,#NAME?,B
2644,겁05,,恐れ、怖気[おじけ],例えば「겁이 많다」は「気が小さい」という意味。,명,怯,B
1,것01,,もの、こと,,의,,A
2759,겉01,,外側,,명,,B
1415,게다가,,その上,,부,,B
877,게임,,ゲーム,,명,game,A
1648,겨우,,ようやく、どうにか,,부,,B
920,겨울,,冬,,명,,A
6009,겨울철,,冬の季節,,명,,B
1341,견디다,,耐える,,동,,B
211,결과02,,結果,,명,結果,B
352,결국,,結局,,명,結局,B
3623,결심하다01,,決心する,,동,決心-,B
1092,결정01,,決定,,명,決定,B
1986,결정되다01,,決定する、決まる,,동,決定-,B
1033,결정하다01,,決定する、決める,,동,決定-,B
601,결혼,,結婚,,명,結婚,A
3389,결혼식,,結婚式,,명,結婚式,A
1130,결혼하다,,結婚する,,동,結婚-,A
739,경기11,,競技,,명,競技,B
,경기도,,京畿道,,고,京畿道,B
3624,경기장,,競技場,,명,競技場,B
,경복궁,,景福宮,,고,景福宮,A
,경상도,,慶尚道,,고,慶尙道,B
1034,경영02,,経営,,명,經營,B
65,경우03,,場合,,명,境遇,B
200,경제04,,経済,,명,經濟,B
2492,경제적,,経済的,,명,經濟的,B
,경주,,慶州,,고,慶州,A
632,경찰04,,警察,,명,警察,A
2329,경찰관,,警察官,,명,警察官,A
3214,경찰서,,警察署,,명,警察署,A
5452,경치02,,景色,,명,景致,A
585,경험,,経験,,명,經驗,B
2170,경험하다,,経験する,,동,經驗-,B
1586,곁01,,隣、横,,명,,B
2206,계단04,,階段,,명,階段,B
6951,계란,,鶏の卵,,명,鷄卵,A
1827,계산01,,計算、会計,,명,計算,B
3390,계산기,,計算機,,명,計算器,B
2916,계산하다,,計算する、会計する,,동,計算-,B
405,계속04,,続けて、継続,,부,繼續,A
1075,계속되다02,,続く、継続する,,동,繼續-,B
1149,계속하다03,,続ける、継続する,,동,繼續-,B
1163,계시다,,いらっしゃる,「있다」の尊敬語。,동,,A
2350,계약,,契約,,명,契約,B
2520,계절01,,季節,,명,季節,A
400,계획01,,計画,,명,計劃,A
4862,계획하다01,,計画する,,동,計劃-,B
403,고개01,,首[こうべ],,명,~를 돌리다,B
1717,고객04,,顧客,,명,顧客,B
3968,고교04,,高校,,명,高校,B
7996,고구마,,サツマイモ,,명,,B
1915,고급02,,高級、上級,,명,高級,B
1055,고기01,,肉,,명,,A
1337,고등학교,,高校,,명,高等學校,A
7445,고등학생,,高校生,,명,高等學生,A
1490,고려하다01,,考慮する,,동,考慮-,B
1496,고르다01,,選ぶ,,동,뽑다,B
5175,고르다03,,平だ,,형,차이가 없다,B
857,고맙다01,,ありがたい,,형,,A
1848,고모01,,父親の姉妹,,명,姑母,B
8668,고모부,,父親の姉妹の夫,,명,姑母夫,B
1748,고민,,悩み,,명,苦悶,B
3104,고민하다,,悩む,,동,苦悶-,B
1916,고생,,苦労,,명,苦生,B
3065,고생하다,,苦労する,,동,苦生-,B
6178,고속02,,高速,,명,高速,B
5176,고속도로,,高速道路,,명,高速道路,B
11580,고속버스,,高速バス,,명,高速bus,B
1987,고양이,,猫,,명,,A
1480,고장01,,里[さと],,명,지역,B
3625,고장11,,故障,,명,故障,B
2126,고추01,,唐辛子,,명,,B
6014,고추장,,唐辛子味噌,,명,#NAME?,B
9916,고춧가루,,唐辛子を乾燥させた粉,,명,,B
1503,고치다01,,直す、修理する,,동,,B
986,고통,,苦痛,,명,苦痛,B
5860,고프다,,（お腹が）空[す]く,,형,,A
593,고향02,,故郷,,명,故鄕,A
307,곧01,,すぐに,,부,,A
3215,곧바로,,すぐに,,부,,B
2821,골목01,,路地,,명,,B
7448,골목길,,路地,,명,,B
5717,골프,,ゴルフ,,명,golf,B
6015,골프장,,ゴルフ場,,명,golf場,B
4671,곰03,,熊,,명,동물,B
1326,곱다02,,美しい,「아름답다」や「예쁘다」より古めかしい表現。,형,아름답다,B
116,곳01,,ところ,「데」に比べると書き言葉的。,명,,A
2589,곳곳,,複数の場所,,명,,B
988,공01,,ボール,,명,축구~,A
623,공간05,,空間,,명,空間,B
1433,공기06,,空気,,명,空氣,B
953,공동02,,共同,,명,共同,B
1865,공무원,,公務員,,명,公務員,B
490,공부01,,勉強,,명,工夫,A
807,공부하다,,勉強する,,동,工夫-,A
1374,공사02,,工事,,명,工事,B
1067,공연02,,公演,,명,公演,B
2950,공원03,,公園,,명,公園,A
685,공장02,,工場,,명,工場,B
8672,공중전화,,公衆電話,,명,公衆電話,A
6540,공짜,,タダ、無料,,명,空-,B
5179,공책01,,ノート,,명,空冊,A
2433,공항02,,空港,,명,空港,A
20070,공항버스,,空港バス,,명,空港bus,B
9466,공휴일,,国定休日,,명,公休日,A
996,과10,,課,,명,課,A
549,과거03,,過去,,명,過去,B
2704,과목02,,科目,,명,科目,B
1491,과일01,,果物,,명,,A
4402,과자02,,菓子,,명,菓子,A
2351,과장07,,課長,,명,課長,B
1259,과제04,,課題,,명,課題,B
346,과학,,科学,,명,科學,B
1718,과학자,,科学者,,명,科學者,B
2734,과학적,,科学的,,명,科學的,B
1814,관객,,観客,,명,觀客,B
152,관계05,,関係,,명,關係,B
1719,관광02,,観光,,명,觀光,B
3730,관광객,,観光客,,명,觀光客,B
7182,관광지,,観光地,,명,觀光地,B
420,관련,,関連,,명,關聯,B
1288,관련되다,,関連する,,동,關聯-,B
1481,관련하다,,関連する,,동,關聯-,B
858,관리04,,管理,,명,管理,B
312,관심01,,関心、興味,,명,關心,B
2070,관찰하다,,観察する,,동,觀察-,B
301,관하다02,,関する,,동,關-,B
316,광고02,,広告,,명,廣告,B
,광주,,光州,,고,光州,B
813,괜찮다,,大丈夫だ、悪くない,,형,,A
2071,괜히,,大した理由もなく,,부,,B
3516,괴롭다,,苦しい,,형,,B
2190,굉장히,,非常に,,부,宏壯-,B
2887,교과서,,教科書,,명,敎科書,A
2402,교류01,,交流,,명,交流,B
6961,교문01,,校門,,명,校門,B
371,교수06,,教授、大学の先生,,명,敎授,A
1339,교실,,教室,,명,敎室,A
198,교육,,教育,,명,敎育,B
1249,교통01,,交通,,명,交通,A
3517,교통사고,,交通事故,,명,交通事故,B
7186,교포02,,僑胞、海外に住む韓国系の人々,,명,僑胞,B
3107,교환01,,交換,,명,交換,B
1708,교회02,,（クリスチャンの）教会,,명,敎會,A
10999,구01,,9,,수,九,A
2705,구경01,,見物、興味をもって見ること,,명,,A
3176,구경하다,,見物する、興味をもって見る,,동,,B
3217,구두01,,革靴,,명,,A
2493,구름01,,雲,,명,,A
2055,구멍,,穴,,명,,B
,구십,,90,,수,九十,A
1076,구월02,,9月,,명,九月,A
769,구체적,,具体的,,명,具體的,B
1125,구하다01,,探し出す、見つけ出す,,동,求-,B
6187,구하다03,,救う,,동,救-,B
3732,국01,,スープ料理,,명,음식,B
141,국가01,,国家,,명,國家,B
8014,국기07,,国旗,,명,國旗,B
447,국내02,,国内,,명,國內,B
9934,국립,,国立,,명,國立,B
3177,국물,,スープ,,명,,B
235,국민,,国民,,명,國民,B
6022,국수01,,麺,,명,,B
3108,국어01,,国語,,명,國語,B
878,국제02,,国際,,명,國際,B
2545,국회의원,,国会議員,,명,國會議員,B
1759,군04,,～君,古風な言い方。,의,君,B
659,군05,,軍,,명,軍,B
1531,군대03,,軍隊,,명,軍隊,B
3519,군데,,～か所,,의,,B
2434,군인,,軍人,,명,軍人,A
2435,굳이,,わざわざ,,부,,B
1937,굵다,,太い,,형,,B
1892,굽다01,,焼く,,동,익히다,B
1849,궁금하다01,,知りたくて気になる,,형,,B
1672,권01,,～冊,,의,卷,A
6963,권투01,,ボクシング,,명,拳鬪,B
2330,권하다,,薦める,,동,勸-,B
840,귀01,,耳,,명,,A
5725,귀국02,,帰国,,명,歸國,B
3307,귀국하다,,帰国する,,동,歸國-,B
2617,귀엽다,,（赤ん坊や小動物が）可愛い,女性やアクセサリーに関する「可愛い」は「예쁘다」を使う。,형,,B
2127,규칙02,,規則,,명,規則,B
4117,규칙적,,規則的,,명,規則的,B
9,그01,,その,,관,,A
15,그01,,彼,書き言葉,대,,A
1164,그02,,その…,何か言いにくいことがある時に使う言葉。,감,,A
139,그거,,それ,「그것」の省略形。,대,,A
48,그것,,それ,,대,,A
860,그곳,,そこ,,대,,A
672,그날,,その日,,명,,A
303,그냥,,ただ、大した理由もなく、深く考えずに,,부,,B
2436,그늘,,日陰,,명,,B
2852,그다음,,その次,,명,,B
2463,그다지,,あまり（～ない）、大して（～ない）,否定表現と共に用いられる。,부,,B
340,그대로,,そのまま、変化なしに,,부,,B
473,그동안,,あれから,,명,,A
187,그때,,その時,,명,,A
330,그래01,,そう,,감,,A
1229,그래03,,そうして,,불,그리하여,A
692,그래도,,でも、しかし,,불,그리하여도,B
134,그래서,,だから、そのため,,부,,A
1553,그램,,～グラム,,의,gram,B
34,그러나,,しかし,,부,,A
785,그러니까,,だから,,부,,A
636,그러면,,そしたら,,부,,A
1127,그러므로,,そのため,,부,,B
426,그러하다,,そうである,,형,,B
54,그런01,,そんな,,관,,B
142,그런데,,しかし、ところで,,부,,A
457,그럼01,,もちろん,,부,'그러면'의 준말,A
2736,그럼02,,では、じゃあ,,감,,A
,그렇게,,そうして,,불,그러하게,B
38,그렇다,,そうだ,,형,,A
3393,그렇지,,その通り,,감,,B
1120,그렇지만,,しかし、そうだが,,부,,A
879,그룹01,,グループ,,명,group,B
1563,그릇01,,器、食器,,명,,A
1388,그리02,,そうして,,부,그러한 모양,B
52,그리고,,そして,,부,,A
439,그리다02,,描く,,동,그림을 ~,A
362,그림01,,絵,,명,,A
1504,그림자,,影,,명,,B
3853,그립다,,恋しい,,형,,B
745,그만02,,それ以上～しない,例えば「그만 먹다」は「食べるのをやめる」を意味する。,부,그 정도까지만,B
1866,그만두다,,やめる,,동,,B
1532,그만큼,,そのぐらい,,부,,B
6550,그만하다,,やめる,,형,,B
2706,그분,,その方[かた],,대,,A
1085,그중,,その中,,명,#NAME?,B
3027,그쪽,,そっち、あなた,,대,,A
1150,그치다,,止[や]む,,동,,B
3794,그해,,その年,,명,,B
2331,극장,,劇場,,명,劇場,A
563,근데01,,でも、しかし,「그런데」の省略形。,부,그런데,B
1971,근로자,,勤労者,,명,勤勞者,B
2707,근무,,勤務,,명,勤務,B
2761,근무하다,,勤務する,,동,勤務-,B
1151,근처,,近く、近所,,명,近處,A
252,글,,文章,,명,,B
1972,글쎄01,,さあ,,감,,B
2403,글쓰기,,作文,,명,,B
3976,글씨,,文字,,명,,B
1564,글자,,文字,,명,#NAME?,B
5323,금06,,金,,명,金,B
3262,금년,,今年,「올해」よりも固い表現。,명,今年,B
1597,금방01,,すぐに,,부,今方,B
5868,금연01,,禁煙,,명,禁煙,B
7714,금요일,,金曜日,,명,金曜日,A
2591,금지04,,禁止,,명,禁止,B
4774,금지하다,,禁止する,,동,禁止-,B
1289,급04,,級,,명,級,A
2437,급하다,,急いでいる、緊急だ,,형,急-,B
2952,긍정적,,肯定的,,명,肯定的,B
678,기간07,,期間,,명,期間,B
910,기계07,,機械,,명,機械,B
298,기다리다,,待つ,,동,,A
1442,기대03,,期待,,명,期待,B
1303,기대하다,,期待する、楽しみにする,,동,期待-,B
6758,기도03,,祈り、祈祷,,명,祈禱,B
1261,기록하다,,記録する,,동,記錄-,B
882,기르다,,育てる,,동,,B
1893,기름01,,油、脂,,명,,B
842,기본,,基本,,명,基本,B
525,기분01,,気分、気持ち,,명,氣分,A
3308,기뻐하다,,喜ぶ,,동,,B
1625,기쁘다,,嬉しい,,형,,B
1633,기쁨,,喜び,,명,,B
4775,기사02,,技士,,명,技士,B
1342,기사10,,記事,,명,記事,B
4776,기숙사,,寮、寄宿舎,,명,寄宿舍,A
328,기술01,,技術、技,,명,技術,B
847,기억02,,記憶,,명,記憶,B
7464,기억나다,,思い出す,,동,記憶-,B
1905,기억하다02,,覚えている、記憶する,,동,記憶-,B
2379,기온,,気温,,명,氣溫,B
2822,기운01,,元気,,명,,B
637,기자05,,記者,,명,記者,B
779,기준03,,基準,,명,基準,B
2919,기차01,,長距離列車,,명,汽車,A
1235,기초06,,基礎,,명,基礎,B
7466,기침01,,咳,,명,,B
6372,기타02,,その他,,명,guitar,B
770,기회03,,機会,,명,機會,B
2464,긴장,,緊張,,명,緊張,B
3856,긴장하다,,緊張する,,동,緊張-,B
173,길01,,道,,명,도로,A
4588,길가,,長い,,명,,B
6760,길거리,,通り、街頭,,명,,B
386,길다02,,長い,,형,밤이 ~,A
1283,길이01,,長さ,,명,,B
4405,김03,,海苔,,명,해초,B
7720,김밥,,海苔巻き,,명,,A
2207,김치01,,キムチ,,명,,A
16599,김치찌개,,キムチチゲ,,명,,B
,김포공항,,金浦空港,,고,金浦空港,B
461,깊다,,深い,,형,,B
3224,깊이01,,深さ,,명,,B
1634,깊이02,,深く,,부,,B
954,까닭,,理由,,명,,B
26135,까만색,,黒、黒色,,명,#NAME?,B
3264,까맣다,,黒い,,형,,B
2465,깎다,,削る,,동,,A
9500,깜빡,,うっかりして,,부,,B
2762,깜짝02,,びっくり,,부,놀라는 모양,B
1939,깨끗이,,きれいに,,부,,B
1471,깨끗하다,,（汚れておらず）きれいだ、清潔だ,,형,,A
2277,깨다01,,覚める,,동,술이 ~,B
3394,깨다02,,割る,,동,그릇을 ~,B
2792,깨지다,,割れる,,동,깨어지다,B
791,꺼내다,,取り出す,,동,,B
3795,꺼지다01,,消える,,동,불이 ~,B
4262,껌,,ガム,,명,gum,B
2309,껍질,,（果物などの）皮,,명,,B
397,꼭03,,必ず、是非,,부,반드시,A
3796,꼭대기,,頂上,,명,,B
470,꽃01,,花,,명,,A
6761,꽃잎,,花びら,,명,,B
1608,꽤01,,かなり,,부,,B
3028,꾸다01,,（夢を）見る,,동,꿈을 ~,B
1635,꾸미다,,飾る,,동,,B
2889,꾸준히,,根気よく,,부,,B
4982,꿀,,蜜,,명,,B
535,꿈01,,夢,,명,,A
3071,꿈꾸다,,夢見る,,동,,B
5873,꿈속,,夢の中,,명,,B
2495,끄다01,,消す,,동,불을 ~,A
2208,끄덕이다,,頷く,,동,,B
1614,끊다,,（つながっているものを）切る,,동,,B
3797,끊어지다,,（つながっているものが）切れる,,동,,B
568,끌다,,引っ張る,,동,,B
2854,끓다,,沸く、沸騰する,,동,,B
1416,끓이다01,,沸かす、沸騰させる,,동,,B
333,끝01,,終わり、最後,,명,,A
376,끝나다,,終わる,,동,,A
2332,끝내,,最後まで（＋否定表現）、とうとう（＋肯定表現）,,부,,B
1452,끝내다,,終える,,동,,A
4331,끼다02,,（雲が）かかる,,동,구름이 ~,B
2072,끼다03,,挟む,,동,끼우다,B
8,나03,,僕、俺、あたし,,대,,A
196,나가다,,出る、出ていく,,동,,A
368,나가다,,出る、出ていく,,보,,A
304,나누다,,分ける,,동,,B
104,나다01,,出る,,동,,A
226,나라01,,国[くに],,명,,A
1290,나머지,,余り,,명,,B
540,나무01,,木,,명,,A
4047,나물01,,,,명,,B
3225,나뭇가지,,,,명,,B
4778,나뭇잎,,,,명,,B
5874,나비03,,,,명,,B
6379,나빠지다,,,,동,,B
873,나쁘다01,,,,형,,A
458,나서다,,,,동,,B
50,나오다,,出る、出てくる,,동,,A
429,나이01,,年,,명,,A
1018,나중01,,,,명,,A
160,나타나다,,,,동,,B
588,나타내다,,,,동,,B
11024,나흘,,,,명,,B
5328,낙엽,,,,명,落葉,B
2278,낚시,,,,명,,B
143,날01,,日[ひ],,명,어느 ~,A
2073,날개01,,,,명,,B
2230,날다01,,,,동,,A
1291,날씨01,,,,명,,A
2380,날아가다,,,,동,,B
2855,날아오다,,,,동,,B
2994,날짜01,,,,명,,A
1940,낡다01,,,,형,,B
6380,남02,,,,명,男,B
8324,남04,,,,명,南,B
1056,남기다,,,,동,,B
1068,남녀,,,,명,男女,A
290,남다01,,,,동,,B
,남대문,,,,고,南大門,A
,남대문시장,,,,고,南大門市場,A
9077,남동생,,,,명,男-,A
4590,남매,,,,명,男妹,B
,남산,,,,고,南山,B
742,남성01,,,,명,男性,B
154,남자02,,男の人,,명,男子,A
1598,남쪽,,,,명,南-,A
255,남편01,,夫,,명,男便,A
5594,남학생,,,,명,男學生,A
3226,낫다01,,,,동,병이 ~,B
1696,낫다02,,,,형,더 좋다,B
1184,낮,,,,명,,A
974,낮다,,,,형,,A
2209,낯설다,,,,형,,B
433,낳다01,,,,동,,B
2405,내내01,,,,부,,B
1941,내년,,,,명,來年,A
1069,내놓다,,,,동,,B
167,내다02,,出す,,동,길을 ~,A
182,내다02,,出す,,보,참아 ~,A
1041,내려가다,,,,동,,A
3310,내려놓다,,,,동,,B
3029,내려다보다,,,,동,,B
894,내려오다,,,,동,,A
243,내리다01,,降りる,,동,눈이 ~,A
1545,내밀다,,,,동,,B
212,내용02,,,,명,內容,B
1270,내일,,,,명,來日,A
3520,내일,,,,부,來日,A
2592,내지01,,,,부,乃至,B
4877,냄비,,,,명,,B
1061,냄새,,,,명,,B
13192,냉면,,,,명,冷麵,A
3311,냉장고,,,,명,冷藏庫,A
100,너01,,お前、君,敬語を用いない相手に用いる2人称代名詞。,대,,A
2231,너머,,,,명,,B
225,너무01,,～すぎる,話し言葉では「とても～」の意味で使われることもある。,부,,A
1152,너무나,,,,부,,B
1588,너희,,,,대,,B
638,넓다,,広い,,형,,A
4780,넓어지다,,,,동,,B
2763,넓히다,,,,동,,B
476,넘다01,,,,동,,B
1615,넘어가다01,,,,동,,B
1697,넘어서다,,,,동,,B
4332,넘어지다,,,,동,,B
2172,넘치다,,,,동,,B
219,넣다,,入れる,,동,,A
1304,네02,,,,관,,A
357,네03,,はい,,감,,A
8328,네거리,,,,명,,B
6766,넥타이,,,,명,necktie,A
6980,넷01,,,,수,,A
6198,넷째,,,,수,,A
10452,넷째,,,,관,,A
2074,녀석,,,,의,,B
26,년02,,年,,의,年,A
345,년대,,,,의,年代,B
2890,년도,,,,의,年度,B
792,노동자,,,,명,勞動者,B
8329,노란색,,,,명,#NAME?,A
3109,노랗다,,,,형,,B
487,노래01,,歌,,명,,A
3977,노래방,,,,명,#NAME?,B
3398,노래하다,,,,동,,A
7474,노랫소리,,,,명,,B
494,노력01,,,,명,努力,B
944,노력하다01,,,,동,努力-,B
1086,노인01,,,,명,老人,B
8031,노트02,,,,명,note,A
4265,녹색,,,,명,綠色,B
8699,녹음03,,,,명,錄音,B
8330,녹음하다,,,,동,錄音-,B
16643,녹차01,,,,명,綠茶,B
1417,논문,,,,명,論文,B
2953,논의하다,,,,동,論議-,B
418,놀다01,,遊ぶ,,동,,A
594,놀라다,,驚く,,동,,A
1829,놀랍다,,,,형,,B
1177,놀이01,,,,명,,B
7731,놀이터,,,,명,,B
9968,농구07,,,,명,籠球,B
2856,농담01,,,,명,弄談,B
1472,농사01,,,,명,農事,B
723,농업,,,,명,農業,B
1493,농촌,,,,명,農村,B
277,높다,,高い（高低の）,,형,,A
1657,높아지다,,,,동,,B
2210,높이01,,,,명,,B
2566,높이02,,,,부,,B
1153,높이다,,,,동,,B
151,놓다01,,置く,,보,,A
415,놓다01,,置く,,동,,A
1319,놓이다,,,,동,,B
2173,놓치다,,,,동,,B
114,누구,,誰,,대,,A
1140,누나01,,,,명,,A
1599,누르다01,,,,동,힘을 가하다,B
107,눈01,,雪,,명,신체의 일부,A
1505,눈04,,,,명,~이 내리다,A
814,눈물01,,涙,,명,,A
2075,눈빛01,,,,명,~이 매섭다,B
3030,눈썹,,,,명,,B
1943,눈앞,,,,명,,B
981,눕다01,,,,동,,B
914,뉴스,,,,명,news,A
,뉴욕,,,,고,New York,B
1011,느껴지다,,,,동,,B
222,느끼다02,,,,동,추위를 ~,B
401,느낌,,,,명,,B
3860,느리다01,,,,형,,B
707,늘,,,,부,,B
1427,늘다01,,,,동,,B
1636,늘리다,,,,동,,B
809,늘어나다,,,,동,,B
1658,늙다,,,,동,,B
502,능력02,,,,명,能力,B
949,늦다,,,,형,,A
3630,늦다,,,,동,,A
89,다03,,全部、皆,物にも人にも使える。,부,,A
4266,다03,,,,명,,A
2279,다가가다,,,,동,,B
1262,다가오다,,,,동,,B
7736,다녀가다,,,,동,,B
1876,다녀오다,,,,동,,A
284,다니다,,通う,,동,,A
163,다르다01,,違う、異なる,,형,,A
82,다른,,他の～、別の～,,관,,A
747,다리01,,脚,,명,신체의 일부,A
2466,다리02,,,,명,교량,A
7476,다섯,,,,수,,A
15360,다섯째,,,,수,,A
20314,다섯째,,,,관,,A
2891,다수,,,,명,多數,B
81,다시01,,また,,부,,A
595,다양하다01,,,,형,多樣-,B
112,다음01,,次,,명,,A
11043,다이어트,,,,명,diet,B
3110,다치다01,,,,동,,B
1506,다하다,,,,동,,B
3915,다행히,,,,부,多幸-,B
810,닦다01,,拭く,,동,,A
2001,단09,,,,관,單,B
9084,단맛,,,,명,,B
1217,단순하다,,,,형,單純-,B
1804,단순히,,,,부,單純-,B
2192,단어,,,,명,單語,A
4335,단점01,,,,명,短點,B
1380,단지04,,,,부,但只,B
2076,단지08,,,,명,團地,B
498,단체02,,,,명,團體,B
1959,닫다02,,,,동,,A
4413,닫히다,,,,동,,B
620,달05,,～月,,의,,A
1115,달05,,,,명,,A
2438,달걀,,,,명,,B
1877,달다03,,,,동,단추를 ~,B
3980,달다05,,,,동,돈을 다오,B
4881,달다07,,,,형,맛,A
899,달라지다,,,,동,,B
763,달러,,ドル,,의,dollar,A
8336,달러,,,,명,dollar,A
1805,달려가다,,,,동,,B
2593,달려오다,,,,동,,B
5088,달력,,,,명,#NAME?,A
1790,달리다01,,,,동,문에 종이 ~,B
867,달리다04,,,,동,말을 ~,B
6036,달빛,,,,명,,B
2710,달아나다,,,,동,,B
2857,닭,,,,명,,A
7478,닭고기,,,,명,,A
2211,닮다,,,,동,,B
2920,담그다,,,,동,,B
1616,담기다01,,,,동,담다,B
609,담다01,,,,동,넣다,B
2496,담당하다,,,,동,擔當-,B
679,담배,,タバコ,,명,,A
9089,담요,,,,명,,B
2858,담임,,,,명,擔任,B
2618,답답하다,,,,형,,B
7738,답장,,,,명,答狀,B
3228,답하다,,,,동,答-,B
14205,닷새,,,,명,,B
3312,당근,,,,명,,B
3140,당기다01,,,,동,,B
217,당신02,,,,대,當身,B
1311,당연하다01,,,,형,當然-,B
2567,당연히01,,,,부,當然-,B
1320,당장02,,,,명,當場,B
2619,당황하다,,,,동,唐慌-,B
1434,닿다01,,,,동,,B
2764,대11,,,,의,對. 개인 ~ 개인,B
1208,대15,,,,의,臺,B
,대구,,,,고,大邱,B
2406,대기업,,,,명,大企業,B
2248,대단하다,,,,형,,B
2249,대단히,,,,부,,B
1453,대답,,,,명,對答,A
1096,대답하다,,,,동,對答-,A
4051,대도시,,,,명,大都市,B
2333,대문03,,,,명,大門,B
391,대부분,,,,명,大部分,B
5883,대사관,,,,명,大使館,A
655,대신03,,,,명,代身,B
,대전,,,,고,大田,B
808,대중02,,,,명,大衆,B
9527,대중교통,,,,명,大衆交通,B
2439,대중문화,,,,명,大衆文化,B
128,대통령,,,,명,大統領,B
482,대표,,,,명,代表,B
1760,대표적,,,,명,代表的,B
24,대하다02,,,,동,對-,B
261,대학01,,大学,,명,大學,A
4416,대학교,,,,명,大學校,A
7487,대학교수,,,,명,大學敎授,B
1944,대학생,,,,명,大學生,A
3268,대학원,,,,명,大學院,B
,대한민국,,,,고,大韓民國,B
699,대화06,,対話,,명,對話,A
8044,대화하다02,,,,동,對話-,B
485,대회02,,,,명,大會,B
1867,댁01,,,,명,宅,A
46,더01,,さらに,,부,,A
1473,더구나01,,,,부,,B
3269,더럽다,,,,형,,B
3230,더위,,,,명,,B
1791,더하다,,,,동,,B
2892,덕분,,,,명,德分,B
,덕수궁,,,,고,德壽宮,B
621,던지다,,,,동,,B
2154,덜01,,,,부,,B
2678,덥다01,,,,형,,A
2193,덮다,,,,동,,B
62,데01,,,,의,,B
5094,데려가다,,,,동,,B
9529,데려오다,,,,동,,B
1167,데리다,,,,동,,B
2408,도구10,,,,명,道具,B
4052,도둑01,,,,명,,B
4417,도로01,,,,부,,B
1773,도로07,,,,명,道路,B
6210,도망가다,,,,동,逃亡-,B
1732,도서관,,,,명,圖書館,A
423,도시03,,都市,,명,都市,A
3633,도시락,,,,명,,B
2194,도와주다,,,,동,,A
714,도움,,,,명,,B
5095,도자기,,,,명,陶瓷器,B
2859,도중04,,,,명,途中,B
9103,도착01,,,,명,到着,A
1305,도착하다01,,,,동,到着-,A
,도쿄(동경),,,,고,東京,B
4196,독서03,,,,명,讀書,B
,독일,,,,고,獨逸,A
13235,독일어,,,,명,獨逸語,B
140,돈01,,お金,,명,,A
1375,돌02,,,,명,~멩이,B
927,돌다,,,,동,,B
6776,돌려주다,,,,동,,B
505,돌리다04,,,,동,팽이를 ~,B
2956,돌보다,,,,동,,B
519,돌아가다,,戻る、戻っていく,,동,,A
2176,돌아보다,,,,동,,B
2825,돌아서다,,,,동,,B
377,돌아오다,,戻る、戻ってくる,,동,,A
1109,돕다,,,,동,,A
2232,동기07,,,,명,動機,B
793,동네,,,,명,洞-,B
,동대문,,,,고,東大門,B
,동대문시장,,,,고,東大門市場,B
1294,동물,,,,명,動物,A
12428,동물원,,,,명,動物園,B
602,동생01,,年下のキョウダイ,,명,,A
529,동시02,,,,명,同時,B
3920,동아리02,,,,명,,B
214,동안01,,間（時間的な）,,명,시간의 길이,A
3111,동양03,,,,명,東洋,B
4503,동전05,,,,명,銅錢,B
2569,동쪽,,,,명,東-,A
5341,동창01,,,,명,同窓,B
2826,동화07,,,,명,童話,B
2893,돼지,,,,명,,A
4418,돼지고기,,,,명,,A
2996,되게,,,,부,,B
5,되다01,,なる,,동,어른이 ~,A
4994,된장,,,,명,#NAME?,B
10482,된장찌개,,,,명,-醬-,B
63,두01,,二つの～,,관,,A
2827,두껍다,,,,형,,B
266,두다01,,,,동,,B
326,두다01,,,,보,,B
2894,두드리다,,,,동,,B
5603,두부01,,,,명,豆腐,B
5473,두세,,,,관,,B
6394,두통,,,,명,頭痛,B
575,둘01,,2,,수,,A
2594,둘러보다,,,,동,,B
1660,둘째,,,,수,,A
2679,둘째,,,,관,,A
2155,둥글다01,,,,형,,B
87,뒤01,,後ろ,,명,,A
2957,뒤집다,,,,동,,B
5100,뒤쪽01,,,,명,,B
6046,뒷산,,,,명,#NAME?,B
1237,드라마,,,,명,drama,B
830,드리다01,,,,보,도와 ~,A
1460,드리다01,,,,동,인사를 ~,A
88,듣다01,,聞く,,동,소리를 ~,A
2797,들01,,,,명,,B
91,들다01,,寄る,,동,여관에 ~,A
3142,들다01,,,,보,따지고 ~,B
130,들다04,,持つ,「（物理的に手に）持つ」という意味であり、「所有する、備えている」という意味はない。,동,꽃을 ~,A
1733,들려오다,,,,동,,B
4337,들려주다,,,,동,,B
1961,들르다,,,,동,,B
866,들리다03,,,,동,소리가 ~,B
158,들어가다01,,入る、入っていく,,동,,A
646,들어서다,,,,동,,B
256,들어오다,,入る、入ってくる,,동,,A
1739,들여다보다,,,,동,,B
989,듯이01,,,,의,,B
1019,등01,,,,명,신체의 일부,B
3405,등04,,,,의,等. 1~,B
18,등05,,,,의,等,B
3273,등록01,,,,명,登錄,B
7221,등록금,,,,명,登錄金,B
4996,등산,,,,명,登山,A
8355,등산로,,,,명,登山路,B
9995,디자이너,,,,명,designer,B
3036,디자인,,,,명,design,B
1590,따다01,,,,동,떼다,B
1312,따뜻하다,,,,형,,A
2468,따라가다,,,,동,,B
3921,따라오다,,,,동,,B
1313,따로,,,,부,,B
51,따르다01,,,,동,뒤를 ~,B
3143,따르다02,,,,동,물을 ~,B
1851,딱03,,,,부,바라진 모양,B
2111,딴03,,,,관,~ 일,B
625,딸01,,娘,,명,,A
8053,딸기,,,,명,,A
1399,땀01,,,,명,,B
321,땅01,,,,명,,B
6215,땅콩,,,,명,,B
19,때01,,時,,명,시간,A
7749,때때로,,,,부,,B
31,때문,,ため,目的を表す「ため」ではなく、理由を表す「ため」,의,,A
6047,땜03,,,,의,때문,B
327,떠나다,,去る、離れていく,,동,,A
2765,떠들다01,,,,동,말하다,B
1042,떠오르다,,,,동,,B
1749,떠올리다,,,,동,,B
1443,떡01,,,,명,,A
13255,떡볶이,,,,명,,B
1271,떨다01,,,,동,,B
2570,떨리다01,,,,동,흔들리다,B
2621,떨어뜨리다,,,,동,,B
299,떨어지다,,,,동,,B
1070,떼다01,,,,동,,B
40,또,,また,,부,,A
250,또는,,,,부,,B
2177,또다시,,,,부,,B
248,또한,,,,부,,B
1376,똑같다,,,,형,,A
2622,똑같이,,,,부,,B
3864,똑똑하다,,,,형,,B
5201,똑바로,,,,부,,A
4338,뚜껑,,,,명,,B
11721,뚱뚱하다,,,,형,,B
1852,뛰다01,,,,동,심장이 ~,A
1626,뛰다02,,,,동,빨리 나아가다,A
9998,뛰어나가다,,,,동,,B
7224,뛰어다니다,,,,동,,B
2280,뛰어들다,,,,동,,B
9542,뛰어오다,,,,동,,B
1178,뜨겁다,,,,형,,A
1389,뜨다01,,,,동,솟아오르다,B
1673,뜨다05,,,,동,눈을 ~,B
296,뜻,,,,명,,B
1571,라디오,,,,명,radio,A
2623,라면01,,,,명,&일ramen,A
6781,라이터,,,,명,lighter,B
,러시아,,,,고,Russia,A
,런던,,,,고,London,B
7503,레몬,,,,명,lemon,B
5892,레스토랑,,,,명,&프restaurant,B
5203,렌즈,,,,명,lens,B
2998,리듬,,,,명,rhythm,B
2571,마구01,,,,부,,B
1740,마늘,,,,명,,B
2440,마련되다,,,,동,,B
833,마련하다,,,,동,,B
2441,마루03,,,,명,~를 닦다,B
1649,마르다01,,,,동,,B
1168,마리01,,,,의,,A
8358,마사지,,,,명,massage,B
365,마시다,,飲む,,동,,A
480,마을01,,,,명,,B
148,마음01,,心,,명,,A
2921,마음대로,,,,부,,B
2212,마음속,,,,명,,B
2250,마주01,,,,부,,B
8736,마중01,,,,명,,B
626,마지막,,最後,,명,,A
545,마찬가지,,,,명,,B
580,마치03,,,,부,,B
711,마치다02,,,,동,,B
2265,마침02,,,,부,,B
1507,마침내,,,,부,,B
9548,마흔,,,,수,,A
1817,막01,,,,부,바로 지금,B
1159,막02,,,,부,마구,B
4269,막내,,,,명,,B
700,막다01,,,,동,,B
1344,막히다,,,,동,,B
3865,만06,,,,관,萬,A
8359,만06,,,,수,萬,A
7226,만07,,,,관,滿. ~ 3개월,B
166,만나다,,会う,,동,,A
2572,만남,,,,명,,B
16774,만두01,,,,명,饅頭,B
61,만들다,,作る,,동,,A
1071,만들어지다,,,,동,,B
1134,만약,,,,명,萬若,B
1761,만일01,,,,명,萬一,B
3804,만족하다,,,,형,滿足-,B
6049,만족하다,,,,동,滿足-,B
2522,만지다,,,,동,,B
440,만큼,,,,의,,B
2059,만화10,,,,명,漫畵,B
43,많다,,多い,,형,,A
2381,많아지다,,,,동,,B
98,많이,,たくさん、多く,,부,,A
28,말01,,言葉,,명,~과 글,A
2624,말05,,,,명,동물,B
780,말11,,,,의,末,B
161,말다03,,しない、やめる,「~지 말아라」の形で「-（する）な」,보,,A
576,말다03,,やめる,,동,그만두다,A
812,말씀,,お言葉,「말」の尊敬語。,명,,A
3184,말씀드리다,,,,동,,B
1381,말씀하다,,,,동,,A
32,말하다,,話す,,동,,A
1077,맑다01,,,,형,,A
390,맛01,,味,,명,,A
15475,맛없다,,,,형,,A
1020,맛있다,,,,형,,A
378,맞다01,,,,동,답이 ~,B
800,맞다02,,,,동,손님을 ~,B
1546,맞다03,,,,동,매를 ~,B
2828,맞서다,,,,동,,B
5344,맞은편,,,,명,#NAME?,B
694,맞추다01,,,,동,,B
1516,맡기다,,,,동,,B
633,맡다01,,,,동,담임을 ~,B
2767,매년,,,,부,每年,B
3982,매다01,,,,동,끈을 ~,B
2409,매력,,,,명,魅力,B
393,매우01,,とても,,부,,A
1272,매일,,,,부,每日,A
6784,매일,,,,명,每日,A
2861,맥주,,,,명,麥酒,A
1750,맨01,,,,관,,B
6050,맵다,,,,형,,A
288,머리01,,頭,,명,,A
3983,머리카락,,,,명,,B
2178,머릿속,,,,명,,B
2094,머무르다,,,,동,,B
70,먹다02,,食べる、摂取する,,동,밥을 ~,A
3924,먹다02,,,,보,잊어 ~,A
2060,먹이다,,,,동,,B
8361,먹히다,,,,동,,B
283,먼저,,まず,,부,,A
2958,먼지01,,,,명,,B
718,멀다02,,遠い,,형,갈 길이 ~,A
997,멀리01,,,,부,,B
3186,멀어지다,,,,동,,B
1418,멈추다,,,,동,,B
5346,멋01,,,,명,,B
5206,멋있다,,,,형,,B
5002,메뉴,,,,명,menu,A
6051,메다02,,,,동,총을 ~,B
7231,메모,,,,명,memo,B
3526,메시지,,,,명,message,B
23197,메일,,,,명,mail,B
2923,며느리,,,,명,,B
1021,며칠,,,,명,,A
77,명03,,～人[にん],,의,名. 한 ~,A
2311,명령01,,,,명,命令,B
3926,명절01,,,,명,名節,B
9557,명함,,,,명,名銜,B
186,몇,,何,数を尋ねる疑問詞。,관,,A
3743,몇,,,,수,,A
2112,몇몇,,,,관,,B
7234,몇십,,,,관,,B
6582,모기01,,,,명,,B
3000,모니터,,,,명,monitor,B
1840,모델,,,,명,model,B
145,모두01,,全て,,부,,A
708,모두01,,みんな、全て,,명,,A
137,모든,,全ての,,관,,A
2862,모래01,,,,명,,B
12460,모레,,,,명,,B
59,모르다,,知らない、分からない,,동,,A
164,모습01,,,,명,,B
1368,모시다,,,,동,,B
464,모양02,,,,명,模樣,B
911,모양02,,,,의,模樣,B
508,모으다,,,,동,,B
610,모이다01,,,,동,,B
906,모임01,,,,명,,B
4059,모자08,,,,명,帽子,A
2829,모자라다,,,,동,,B
1230,목01,,,,명,,A
10505,목걸이01,,,,명,,B
2523,목사05,,,,명,牧師,B
486,목소리,,,,명,,B
11099,목요일,,,,명,木曜日,A
3808,목욕,,,,명,沐浴,A
5749,목욕탕,,,,명,沐浴湯,B
740,목적03,,,,명,目的,B
1036,목표,,,,명,目標,B
2196,몰다01,,,,동,,B
2312,몰래01,,,,부,,B
156,몸01,,体,,명,,A
7239,몸무게,,,,명,,B
8364,몸살01,,,,명,~이 걸리다,B
1687,몹시,,,,부,,B
207,못04,,,不可能を表す副詞。,부,,A
57,못하다,,できない、下手だ,,보,,A
495,못하다,,できない、下手だ,,동,,A
3927,못하다,,,,형,,A
3687,무02,,,,명,식물,B
1662,무겁다,,,,형,,A
2442,무게,,,,명,,B
3277,무늬,,,,명,,B
8367,무더위,,,,명,,B
1321,무렵,,,,의,,B
1637,무릎,,,,명,,B
1051,무섭다,,,,형,,B
221,무슨,,何の,,관,,A
2061,무시하다,,,,동,無視-,B
1533,무어01,,,,대,,B
135,무엇,,何,,대,,A
1201,무역02,,,,명,貿易,B
1382,무용03,,,,명,舞踊,B
2313,무조건,,,,부,無條件,B
1169,무척01,,,,부,,B
2711,묶다,,,,동,,B
469,문05,,ドア,,명,門,A
3278,문장02,,,,명,文章,B
53,문제06,,問題,,명,問題,A
1591,문제점,,,,명,問題點,B
272,문학01,,,,명,文學,B
73,문화01,,,,명,文化,B
2282,묻다01,,,,동,옷에 흙이 ~,B
289,묻다03,,聞く、尋ねる,,동,길을 ~,A
165,물01,,水,麦茶など刺激の少ない薄いお茶も「물」に含まれる。,명,바닷~,A
560,물건,,物,,명,物件,A
3579,물고기,,,,명,,B
2024,물다02,,,,동,담배를 ~,B
213,물론01,,もちろん,,부,勿論,A
1435,물론01,,,,명,勿論,B
2079,물속,,,,명,,B
1483,물어보다,,,,동,,A
2897,물음01,,,,명,,B
108,뭐,,何,「무엇」の縮約系。,대,,A
,미국,,,,고,美國,A
2573,미디어,,,,명,media,B
1298,미래02,,,,명,未來,B
1242,미리01,,,,부,,B
1391,미소05,,,,명,微笑,B
1600,미술,,,,명,美術,B
3748,미술관,,,,명,美術館,B
1484,미안하다,,,,형,未安-,A
8071,미워하다,,,,동,,B
6056,미인01,,,,명,美人,B
1918,미치다01,,,,동,정신에 이상이 생기다,B
1044,미치다02,,,,동,닿다,B
843,미터02,,,,의,meter,A
4793,미팅,,,,명,meeting,B
334,민족,,,,명,民族,B
431,믿다,,,,동,,B
2924,믿음,,,,명,,B
2625,밀가루,,,,명,,B
1485,밀다01,,,,동,,B
1818,밀리미터,,,,의,millimeter,B
3689,밉다,,,,형,,B
245,및,,,,부,,B
652,밑01,,下,,명,,A
2626,바깥,,,,명,,B
432,바꾸다,,換える,,동,,A
759,바뀌다,,,,동,,B
7773,바나나,,,,명,banana,A
2524,바늘,,,,명,,B
488,바다,,海,,명,,A
1327,바닥01,,,,명,,B
2959,바닷가,,,,명,,B
5754,바닷물,,,,명,,B
583,바라다01,,,,동,,B
387,바라보다,,,,동,,B
478,바람01,,風邪,,명,~이 불다,A
1663,바람01,,,,의,눈이 오는 ~에,A
132,바로02,,すぐに、きちんと,,부,,A
1497,바르다01,,,,동,벽지를 ~,B
1135,바르다03,,,,형,굽은 데가 없다,B
2680,바보,,,,명,,B
868,바쁘다,,,,형,,A
2382,바위01,,,,명,,B
3928,바이올린,,,,명,violin,B
2627,바지01,,,,명,,A
1517,박물관,,,,명,博物館,A
1377,박사01,,,,명,博士,B
3148,박수02,,,,명,拍手,B
8375,박스,,,,명,box,B
257,밖,,外,,명,,A
834,반07,,,,명,半,A
933,반11,,,,명,班,A
1868,반갑다,,,,형,,A
1218,반대03,,,,명,反對,B
2039,반대하다01,,,,동,反對-,B
781,반드시,,,,부,,B
4341,반복하다01,,,,동,反復-,B
2314,반장08,,,,명,班長,B
6060,반지02,,,,명,半指,B
3352,반찬,,,,명,飯饌,B
2961,반하다03,,,,동,反-,B
47,받다01,,もらう、受ける,,동,선물을 ~,A
787,받아들이다,,,,동,,B
7013,받침,,,,명,,B
564,발01,,足,,명,신체의 일부,A
4602,발가락,,,,명,,B
2925,발견01,,,,명,發見,B
1638,발견되다,,,,동,發見-,B
826,발견하다01,,,,동,發見-,B
1369,발달,,,,명,發達,B
982,발달하다,,,,동,發達-,B
7776,발등,,,,명,,B
5211,발목01,,,,명,,B
2768,발생,,,,명,發生,B
746,발생하다,,,,동,發生-,B
5491,발음01,,,,명,發音,A
16889,발음하다01,,,,동,發音-,B
416,발전01,,,,명,發展,B
983,발전하다01,,,,동,發展-,B
1231,발표01,,,,명,發表,B
835,발표하다,,,,동,發表-,B
1322,밝다,,,,형,,A
8753,밝다,,,,동,,B
230,밝히다,,,,동,,B
1919,밟다,,,,동,,B
276,밤01,,夜、晩,,명,어두운 때,A
6062,밤02,,,,명,열매,B
10041,밤낮,,,,명,,B
5212,밤늦다,,,,형,,B
9149,밤새다,,,,동,,B
8754,밤중,,,,명,#NAME?,B
353,밥01,,ご飯,,명,~을 먹다,A
4426,밥그릇,,,,명,,B
8077,밥맛,,,,명,,B
8381,밥솥,,,,명,,B
318,방07,,部屋,,명,房,A
2802,방금01,,,,부,方今,B
4427,방문02,,,,명,房門,B
1806,방문03,,,,명,訪問,B
1945,방문하다,,,,동,訪問-,B
179,방법,,,,명,方法,B
538,방송01,,,,명,放送,B
2004,방송국,,,,명,放送局,B
1581,방학,,,,명,放學,A
484,방향01,,,,명,方向,B
1554,밭01,,,,명,,B
850,배01,,,,명,신체의 일부,A
462,배02,,船,,명,~를 띄우다,A
5215,배03,,,,명,열매,A
1214,배경01,,,,명,背景,B
5905,배고프다,,,,형,,A
10043,배구06,,,,명,排球,B
7523,배꼽,,,,명,,B
7249,배달02,,,,명,配達,B
8756,배드민턴,,,,명,badminton,B
8757,배부르다,,,,형,,A
2197,배우01,,,,명,俳優,B
441,배우다01,,習う,,동,,A
4129,배추01,,,,명,,B
2410,백05,,,,관,百,A
15575,백05,,,,수,百,A
1974,백화점,,,,명,百貨店,A
4897,뱀,,,,명,,B
2383,버릇01,,,,명,,B
121,버리다01,,（～て）しまう,,보,,A
704,버리다01,,,,동,,B
5906,버섯02,,,,명,,B
719,버스02,,バス,,명,bus,A
3470,버터,,,,명,butter,B
8759,버튼,,,,명,button,B
138,번04,,～回,,의,番,A
7250,번역,,,,명,飜譯,B
774,번째,,,,의,番-,B
4276,번호02,,,,명,番號,A
1087,벌다02,,,,동,돈을 ~,B
3988,벌레01,,,,명,,B
2628,벌리다01,,,,동,입을 ~,B
686,벌써,,もう、既に,,부,,A
1498,벌어지다02,,,,동,싸움이 ~,B
627,벌이다,,,,동,,B
603,법01,,,,명,法,B
1252,법01,,,,의,法,B
2499,벗기다02,,,,동,,B
1104,벗다,,,,동,,A
8388,베개,,,,명,,B
,베이징(북경),,,,고,北京,B
8389,벨트,,,,명,belt,B
1199,벽06,,,,명,壁,B
690,변하다,,,,동,變-,B
3280,변호사,,,,명,辯護士,B
294,변화,,,,명,變化,B
1975,변화하다,,,,동,變化-,B
1346,별01,,,,명,,A
2681,별02,,,,관,別,B
801,별로01,,,,부,別-,B
1306,병04,,,,명,病,A
1976,병05,,,,명,甁,A
4429,병들다,,,,동,病-,B
628,병원02,,病院,,명,病院,A
2926,보고03,,,,명,報告,B
2629,보고서,,,,명,報告書,B
2630,보관하다,,,,동,保管-,B
265,보내다,,送る,,동,,A
17,보다01,,見る,,동,,A
21,보다01,,（～て）みる,,보,,A
862,보다02,,,,부,한층 더,A
2682,보람,,,,명,,B
93,보이다01,,,,동,'보다'의 피동사,B
168,보이다02,,,,동,'보다'의 사동사,B
1392,보통,,,,명,普通,A
1794,보통,,,,부,普通,B
2411,보험,,,,명,保險,B
945,보호01,,,,명,保護,B
2574,복도04,,,,명,複道,B
8085,복사09,,,,명,複寫,B
8391,복사하다03,,,,동,複寫-,B
18638,복습,,,,명,復習,B
16943,복습하다,,,,동,復習-,B
1347,복잡하다,,,,형,複雜-,A
1698,볶다,,,,동,,B
8090,볶음밥,,,,명,,B
2158,본래,,,,명,本來,B
6603,볼일,,,,명,,B
9583,볼펜02,,,,명,ball pen,A
972,봄01,,,,명,,A
5496,봉지06,,,,명,封紙,B
2741,봉투02,,,,명,封套,B
4903,뵈다01,,,,동,보이다,B
5914,뵈다02,,,,동,웃어른을 보다,B
4609,뵙다,,,,동,,B
2526,부15,,,,의,部,B
2315,부근03,,,,명,附近,B
6605,부끄러움,,,,명,,B
2356,부끄럽다,,,,형,,B
1574,부동산,,,,명,不動産,B
1062,부드럽다,,,,형,,B
2631,부딪치다,,,,동,,B
5621,부러워하다,,,,동,,B
2412,부럽다,,,,형,,B
227,부르다01,,呼ぶ,,동,이름을 ~,A
6070,부르다02,,,,형,배가 ~,B
665,부모01,,父母、両親,,명,父母,A
1160,부모님,,,,명,父母-,A
977,부부03,,,,명,夫婦,A
291,부분01,,,,명,部分,B
,부산,,,,고,釜山,A
2159,부엌,,,,명,,A
1619,부인01,,,,명,夫人,A
3150,부자08,,,,명,富者,B
2683,부작용,,,,명,副作用,B
9167,부잣집,,,,명,富者-,B
2413,부장07,,,,명,部長,B
1869,부족01,,,,명,不足,B
1780,부족05,,,,명,部族,B
1243,부족하다,,,,형,不足-,B
10068,부지런하다,,,,형,,B
2472,부처04,,,,명,部處,B
4611,부치다02,,,,동,편지를 ~,B
3582,부탁,,,,명,付託,B
2927,부탁하다,,,,동,付託-,B
7023,북07,,,,명,北,B
2179,북쪽,,,,명,北-,A
,북한,,,,고,北韓,B
499,분01,,方[かた],「사람」の尊敬語。,의,한 ~,A
302,분08,,分,,의,10시 20~,A
2742,분명01,,,,부,分明,B
1462,분명히,,,,부,分明-,B
1555,분석하다02,,,,동,分析-,B
425,분위기,,,,명,雰圍氣,B
506,불01,,火,,명,,A
1593,불가능하다,,,,형,不可能-,B
3754,불고기,,,,명,,A
567,불교,,,,명,佛敎,B
4433,불꽃01,,,,명,,B
1263,불다01,,,,동,바람이 ~,A
1383,불리다04,,,,동,'부르다'의 피동사,B
1807,불만,,,,명,不滿,B
2501,불빛,,,,명,,B
3188,불쌍하다,,,,형,,B
1992,불안01,,,,명,不安,B
2180,불안하다,,,,형,不安-,B
1808,불편하다01,,,,형,不便-,B
3318,불행하다,,,,형,不幸-,B
1946,붉다01,,,,형,,B
1841,붓다02,,,,동,물을 ~,B
734,붙다,,,,동,,B
705,붙이다,,,,동,,B
7795,블라우스,,,,명,blouse,B
592,비01,,雨,,명,~가 내리다,A
2596,비교01,,,,명,比較,B
1650,비교적,,,,부,比較的,B
1508,비교하다,,,,동,比較-,B
6608,비누,,,,명,,A
3039,비닐,,,,명,vinyl,B
7262,비닐봉지,,,,명,vinyl封紙,B
1882,비디오,,,,명,video,A
1357,비밀,,,,명,秘密,B
13411,비빔밥,,,,명,,A
5501,비서05,,,,명,秘書,B
760,비슷하다02,,似ている,,형,,A
1819,비싸다,,,,형,,A
1170,비용03,,,,명,費用,B
5918,비키다,,,,동,,B
6075,비타민,,,,명,vitamin,B
2384,비판하다,,,,동,批判-,B
1171,비행기,,,,명,飛行機,A
2898,빌다01,,,,동,소원을 ~,B
6076,빌딩,,,,명,building,B
1315,빌리다,,,,동,,B
23601,빗01,,,,명,~으로 빗다,B
4701,빗물,,,,명,,B
816,빛,,,,명,,B
613,빠르다,,速い,,형,,A
1220,빠지다01,,,,동,머리가 ~,B
717,빠지다02,,,,동,물에 ~,B
9605,빨간색,,,,명,#NAME?,A
2385,빨갛다,,,,형,,B
5761,빨다02,,,,동,옷을 ~,B
2632,빨래,,,,명,,B
572,빨리,,速く、早く,,부,,A
2130,빵01,,,,명,,A
998,빼다01,,,,동,가시를 ~,B
3532,뺨,,,,명,,B
2551,뻗다,,,,동,,B
2216,뼈,,,,명,,B
1238,뽑다,,,,동,,B
1179,뿌리,,,,명,,B
1348,뿌리다,,,,동,,B
177,뿐01,,,,의,,B
11837,사11,,,,수,四,A
8407,사계절,,,,명,四季節,B
691,사고12,,,,명,事故,B
3237,사과05,,,,명,沙果,A
8408,사과하다02,,,,동,謝過-,B
199,사다,,買う,,동,,A
844,사라지다,,,,동,,B
12,사람,,人,,명,,A
373,사랑01,,愛,,명,,A
7539,사랑스럽다,,,,형,,B
764,사랑하다,,愛する、大好きだ,,동,,A
5921,사모님,,,,명,師母-,B
5762,사무05,,,,명,事務,B
1781,사무실,,,,명,事務室,A
1323,사물10,,,,명,事物,B
103,사실04,,,,명,事實,B
673,사실04,,,,부,事實,B
15648,사십,,,,수,四十,A
520,사업04,,,,명,事業,B
1026,사용04,,,,명,使用,B
1419,사용되다,,,,동,使用-,B
2928,사용자,,,,명,使用者,B
254,사용하다03,,使用する,,동,使用-,A
2965,사원04,,,,명,社員,B
1006,사월02,,,,명,四月,A
4702,사위01,,,,명,,B
178,사이01,,間（空間的な）、仲,,명,,A
7801,사이좋다,,,,형,,B
9616,사자11,,,,명,獅子,B
1116,사장15,,,,명,社長,A
7270,사전22,,,,명,辭典,A
728,사진07,,写真,,명,寫眞,A
9177,사진기02,,,,명,寫眞機,B
3871,사촌,,,,명,四寸,B
20886,사탕02,,,,명,沙糖,A
42,사회07,,,,명,社會,B
1762,사회적,,,,명,社會的,B
3151,사흘,,,,명,,B
465,산01,,山,,명,山,A
2654,산소03,,,,명,酸素,B
6078,산속,,,,명,山-,B
4802,산책,,,,명,散策,A
2234,살01,,,,명,~을 빼다,B
581,살04,,～歳,,의,한 ~,A
55,살다01,,生きる、住む、暮らす,,동,,A
1088,살리다,,,,동,,B
2063,살짝01,,,,부,,B
555,살펴보다,,,,동,,B
3004,삶다,,,,동,,B
5923,삼06,,,,수,三,A
18764,삼십,,,,수,三十,A
1117,삼월,,,,명,三月,A
5117,삼촌,,,,명,三寸,B
3872,상25,,,,명,賞,B
1192,상대04,,,,명,相對,B
1536,상대방02,,,,명,相對方,B
1664,상상07,,,,명,想像,B
2832,상상하다03,,,,동,想像-,B
3587,상자10,,,,명,箱子,B
1752,상처02,,,,명,傷處,B
9184,상추01,,,,명,,B
963,상품03,,,,명,商品,B
2633,상하다02,,,,동,傷-,B
1089,새03,,,,명,날짐승,A
466,새06,,新しい,,관,,A
1329,새끼02,,,,명,자식~,B
968,새로,,,,부,,B
1045,새벽01,,,,명,,B
9628,새소리,,,,명,,B
5367,새우02,,,,명,,B
3588,새해,,,,명,,B
1358,색03,,,,명,色,A
1603,색깔,,,,명,色-,A
3005,샌드위치,,,,명,sandwich,A
75,생각01,,考え,,명,,A
2064,생각나다,,,,동,,B
1330,생각되다,,,,동,,B
58,생각하다,,考える,,동,,A
1763,생겨나다,,,,동,,B
253,생기다,,生じる,,동,,A
2803,생선,,,,명,生鮮,A
12576,생신02,,,,명,生辰,B
1963,생일02,,,,명,生日,A
174,생활,,生活,,명,生活,A
2552,생활하다,,,,동,生活-,B
6824,생활환경,,,,명,生活環境,B
8795,샤워,,,,명,shower,A
3240,서너,,,,관,,B
206,서다01,,立つ,,동,,A
1620,서두르다,,,,동,,B
7274,서랍,,,,명,,B
311,서로01,,互いに,,부,,A
1610,서로01,,,,명,,B
3006,서류02,,,,명,書類,B
12580,서른,,,,수,,A
1331,서비스,,,,명,service,B
1057,서양,,,,명,西洋,B
,서울,,,,고,,A
,서울역,,,,고,#NAME?,A
5229,서점03,,,,명,書店,A
3152,서쪽,,,,명,西-,A
8798,서투르다,,,,형,,B
2655,석유01,,,,명,石油,B
1921,섞다,,,,동,,B
2414,섞이다,,,,동,,B
1741,선물03,,,,명,膳物,A
14518,선물하다,,,,동,膳物-,A
1122,선배,,,,명,先輩,B
518,선생01,,先生,,명,先生,A
204,선생님,,先生,,명,先生-,A
831,선수05,,,,명,選手,B
2316,선택,,,,명,選擇,B
1332,선택하다,,,,동,選擇-,B
10100,선풍기,,,,명,扇風機,B
6435,설거지,,,,명,,B
4704,설날,,,,명,,B
23768,설렁탕,,,,명,#NAME?,B
965,설명,,,,명,說明,A
577,설명하다,,説明する,,동,說明-,A
,설악산,,,,고,雪嶽山,A
2236,설탕,,,,명,雪糖,A
1964,섬03,,,,명,,B
9193,섭씨,,,,명,攝氏,B
5768,성06,,,,명,姓,B
404,성격02,,,,명,性格,B
2357,성공01,,,,명,成功,B
2082,성공하다,,,,동,成功-,B
8113,성별01,,,,명,性別,B
3997,성인01,,,,명,成人,B
2444,성적04,,,,명,成績,B
18828,성함,,,,명,姓銜,B
413,세01,,3,,관,~ 권,A
969,세13,,,,의,歲,A
120,세계02,,,,명,世界,B
2114,세계적,,,,명,世界的,B
2160,세금01,,,,명,稅金,B
406,세기03,,,,명,世紀,B
3415,세다03,,,,형,기운이 ~,B
10105,세로01,,,,명,,B
258,세상01,,,,명,世上,B
6621,세수04,,,,명,洗手,A
407,세우다01,,,,동,,B
2386,세워지다,,,,동,,B
8116,세탁,,,,명,洗濯,B
8809,세탁기,,,,명,洗濯機,A
18841,세탁소,,,,명,洗濯所,B
4132,센터02,,,,명,center,B
956,센티미터,,,,의,centimeter,A
2771,셋,,,,수,,A
2834,셋째,,,,수,,A
5023,셋째,,,,관,,A
2415,소03,,,,명,동물,B
3416,소개02,,,,명,紹介,B
3360,소개되다,,,,동,紹介-,B
1401,소개하다01,,,,동,紹介-,A
1221,소금01,,,,명,,A
7278,소나기01,,,,명,,B
2083,소나무,,,,명,,B
960,소녀02,,,,명,少女,B
1078,소년01,,,,명,少年,B
80,소리01,,,,명,,B
2656,소리치다,,,,동,,B
1519,소문02,,,,명,所聞,B
8117,소문나다,,,,동,所聞-,B
775,소비자,,,,명,消費者,B
604,소설03,,,,명,小說,B
4438,소설가,,,,명,小說家,B
2713,소스01,,,,명,sauce,B
9195,소시지,,,,명,sausage,B
1079,소식04,,,,명,消息,B
8118,소용없다,,,,형,所用-,B
2772,소주05,,,,명,燒酒,B
4073,소파06,,,,명,sofa,A
11884,소포01,,,,명,小包,B
5121,소풍02,,,,명,逍風,A
60,속01,,中,,명,,A
1072,속도01,,,,명,速度,B
5122,속옷,,,,명,,B
1436,속하다02,,,,동,屬-,B
185,손01,,手,,명,신체의 일부,A
1273,손가락,,,,명,,A
11888,손녀,,,,명,孫女,B
902,손님,,,,명,,A
5123,손목,,,,명,,B
2773,손바닥,,,,명,,B
5025,손발,,,,명,,B
8811,손뼉,,,,명,,B
8121,손수건,,,,명,#NAME?,B
3154,손자01,,,,명,孫子,B
7281,손잡이,,,,명,,B
4708,손톱01,,,,명,,B
2553,솔직하다,,,,형,率直-,B
2445,솔직히,,,,부,率直-,B
8122,송아지,,,,명,,B
6085,송이01,,,,명,꽃 한 ~,B
8813,송편,,,,명,松-,B
2181,쇠고기,,,,명,,A
3822,쇼02,,,,명,show,B
9202,쇼핑,,,,명,shopping,A
6,수02,手,手段,「-을 수 있다」の形で「～することができる」という意味で使われることが多い。,의,방법,A
4527,수건,,,,명,手巾,A
7046,수고하다01,,,,동,,B
6441,수년02,,,,명,數年,B
8124,수돗물,,,,명,水道-,B
1370,수많다,,,,형,數-,B
4353,수박01,,,,명,과일,A
2575,수상09,,,,명,首相,B
1722,수술05,,,,명,手術,B
919,수업04,,,,명,授業,A
4134,수염04,,,,명,鬚髥,B
2899,수영02,,,,명,水泳,A
11896,수영장,,,,명,水泳場,A
7818,수요일,,,,명,水曜日,A
2530,수입01,,,,명,收入,B
1180,수입02,,,,명,輸入,B
3877,수입하다02,,,,동,輸入-,B
1161,수출03,,,,명,輸出,B
6445,수출하다03,,,,동,輸出-,B
3075,수표01,,,,명,手票,B
7049,수학03,,,,명,修學,B
3823,수학05,,,,명,數學,B
3417,수화기,,,,명,受話器,B
6446,숙소02,,,,명,宿所,B
2473,숙이다,,,,동,,B
1627,숙제03,,,,명,宿題,A
532,순간03,,,,명,瞬間,B
1948,순서,,,,명,順序,B
2237,순수하다02,,,,형,純粹-,B
7561,숟가락,,,,명,,A
372,술01,,酒,,명,~을 먹다,A
854,술06,,,,의,밥 한 ~,A
7562,술병02,,,,명,#NAME?,B
8134,술자리,,,,명,,B
5509,술잔,,,,명,#NAME?,B
2387,술집,,,,명,,B
1137,숨01,,,,명,,B
2006,숨다01,,,,동,,B
1820,숫자,,,,명,數字,B
1038,숲01,,,,명,,B
992,쉬다03,,,,동,편안히 ~,A
2388,쉬다04,,,,동,숨을 ~,B
27846,쉰,,,,수,,A
246,쉽다,,易しい、簡単だ,,형,,A
6447,슈퍼마켓,,,,명,supermarket,A
2900,스님,,,,명,,B
4078,스무,,,,관,,A
10126,스물,,,,수,,A
614,스스로,,,,부,,B
1340,스스로,,,,명,,B
6628,스웨터,,,,명,sweater,B
17164,스케이트,,,,명,skate,B
9213,스케줄,,,,명,schedule,B
9214,스키,,,,명,ski,A
10634,스키장,,,,명,ski場,B
1676,스타,,,,명,star,B
2238,스타일,,,,명,style,B
1486,스트레스,,,,명,stress,A
1689,스포츠,,,,명,sports,A
7822,슬퍼하다,,,,동,,B
2284,슬프다,,,,형,,A
2804,슬픔,,,,명,,B
1742,습관,,,,명,習慣,B
2774,승용차,,,,명,乘用車,B
2657,시06,,,,명,市,A
193,시10,,～時[じ],,의,時,A
99,시간04,,時間,,명,時間,A
551,시간04,,時間,,의,時間,A
1677,시계01,,,,명,時計,A
1539,시골,,,,명,,B
4809,시끄럽다,,,,형,,B
2340,시내03,,,,명,市內,B
12628,시내버스,,,,명,市內bus,B
111,시대02,,,,명,時代,B
2446,시도하다03,,,,동,試圖-,B
1548,시리즈,,,,명,series,B
611,시민,,,,명,市民,B
9660,시부모,,,,명,媤父母,B
650,시설03,,,,명,施設,B
27910,시아버지,,,,명,媤-,B
3824,시어머니,,,,명,媤-,B
9222,시외01,,,,명,市外,B
1844,시원하다,,,,형,,A
1509,시월01,,,,명,十月,A
890,시인10,,,,명,詩人,B
1454,시작01,,,,명,始作,A
573,시작되다01,,始まる,,동,始作-,A
131,시작하다01,,始める,,동,始作-,A
218,시장04,,市場,,명,市場,A
559,시절01,,,,명,時節,B
3825,시집01,,,,명,媤-,B
5639,시청01,,,,명,市廳,B
2503,시청자,,,,명,視聽者,B
876,시키다01,,,,동,,B
639,시험03,,試験,,명,試驗,A
725,식04,,,,의,式,B
1556,식구01,,,,명,食口,B
3878,식다01,,,,동,,B
1393,식당,,,,명,食堂,A
1444,식물02,,,,명,植物,B
4711,식빵,,,,명,食-,B
928,식사03,,,,명,食事,A
5777,식사하다02,,,,동,食事-,A
2635,식용유,,,,명,食用油,B
6091,식초,,,,명,食醋,B
2932,식탁,,,,명,食卓,A
1723,식품01,,,,명,食品,B
2341,신02,,,,명,~이 나다,B
2687,신고01,,,,명,申告,B
2715,신다,,,,동,,A
3156,신랑02,,,,명,新郞,B
513,신문10,,新聞,,명,新聞,A
5516,신문사,,,,명,新聞社,B
5127,신문지,,,,명,新聞紙,B
2199,신발,,,,명,,A
2285,신부10,,,,명,新婦,B
2658,신선하다03,,,,형,新鮮-,B
2266,신용01,,,,명,信用,B
4083,신입생,,,,명,新入生,B
2359,신청01,,,,명,申請,B
1209,신체02,,,,명,身體,B
2868,신호01,,,,명,信號,B
6269,신호등,,,,명,信號燈,B
8828,신혼부부,,,,명,新婚夫婦,B
6270,신혼여행,,,,명,新婚旅行,B
1520,싣다01,,,,동,,B
2343,실내,,,,명,室內,B
3193,실력02,,,,명,實力,B
7291,실례01,,,,명,失禮,A
17194,실례하다,,,,동,失禮-,A
1540,실수01,,,,명,失手,B
9670,실수하다,,,,동,失手-,B
1809,실제02,,,,명,實際,B
3242,실패02,,,,명,失敗,B
2933,실패하다01,,,,동,失敗-,B
776,싫다01,,嫌だ,,형,,A
10136,싫어지다,,,,동,,B
2636,싫어하다,,,,동,,A
1073,심각하다02,,,,형,深刻-,B
1333,심다01,,,,동,,B
2416,심리01,,,,명,心理,B
6095,심부름,,,,명,,B
761,심하다,,,,형,甚-,B
5373,심해지다,,,,동,甚-,B
24036,십,,,,수,十,A
1410,십이월,,,,명,十二月,A
2099,십일월,,,,명,十一月,A
8830,싱겁다,,,,형,,B
92,싶다,,～たい,「-고 싶다」の形で「～（し）たい」という意味を持つ。,보,,A
2100,싸다01,,,,동,보자기에 ~,B
2240,싸다05,,,,형,집값이 ~,A
1007,싸우다,,,,동,,A
1384,싸움,,,,명,,B
695,쌀,,,,명,,B
1521,쌓다,,,,동,,B
1411,쌓이다,,,,동,,B
2901,썩다,,,,동,,B
1098,썰다01,,,,동,,B
2418,쏘다01,,,,동,,B
2344,쏟다,,,,동,,B
1895,쏟아지다,,,,동,,B
169,쓰다01,,書く,,동,글씨를 ~,A
1795,쓰다02,,,,동,모자를 ~,A
175,쓰다03,,使う,,동,약을 ~,A
10658,쓰다06,,,,형,나물이 ~,B
1046,쓰레기,,,,명,,A
7835,쓰레기통,,,,명,#NAME?,B
7571,쓰이다01,,,,동,글이 ~,B
3361,씨01,,,,명,~를 심다,B
37,씨07,,～さん,,의,氏,A
5374,씨름,,,,명,,B
6272,씩씩하다02,,,,형,,B
2968,씹다01,,,,동,,B
947,씻다,,,,동,,A
297,아02,,あ,驚いた時の感嘆詞,감,,A
2474,아가씨,,,,명,,B
615,아기01,,赤ちゃん,,명,,A
1363,아까,,,,부,,B
4356,아까,,,,명,,B
913,아나운서,,,,명,announcer,B
408,아내01,,妻,,명,,A
7058,아뇨01,,,,감,,B
817,아니01,,,,부,,A
765,아니02,,,,감,,B
16,아니다,,違う,「-이/가 아니다」は「～ではない」,형,,A
4918,아니야,,,,감,,B
2447,아니요,,,,감,,A
295,아들,,息子,,명,,A
453,아래01,,下,,명,,A
7059,아래쪽,,,,명,,B
11936,아래층,,,,명,#NAME?,B
332,아름답다,,美しい,,형,,A
735,아마01,,多分、恐らく,,부,,A
2135,아마도,,,,부,,B
748,아무01,,どんな（～でも）、なんの（～ない）,,관,,A
908,아무01,,,,대,,A
1464,아무것,,,,명,,B
1949,아무래도,,,,부,,B
2805,아무렇다,,,,형,,B
693,아무리,,,,부,,B
2969,아무튼,,,,부,,B
2870,아버님,,,,명,,B
153,아버지,,父,,명,,A
379,아빠,,お父さん、パパ,,명,,A
,아시아,,,,고,Asia,B
4139,아아01,,,,감,,B
96,아이01,,子ども,,명,,A
3485,아이02,,,,감,,B
2043,아이고,,,,감,,B
14611,아이스크림,,,,명,ice-cream,A
616,아저씨,,おじさん（親戚ではなく他人の）,,명,,A
274,아주01,,とても,,부,,A
1743,아주머니,,,,명,,A
2419,아줌마,,,,명,,A
201,아직01,,まだ,,부,,A
323,아침,,朝,,명,,A
851,아파트,,,,명,apartment,A
589,아프다,,痛い、具合が悪い,,형,,A
,아프리카,,,,고,Africa,B
2361,아픔,,,,명,,B
12669,아홉,,,,수,,A
49265,아흔,,,,수,,A
3122,악기05,,,,명,樂器,B
4290,악수06,,,,명,握手,B
118,안01,,中,,명,집 ~,A
44,안02,,,動詞や形容詞を否定する,부,아니,A
2659,안경03,,,,명,眼鏡,A
5032,안내하다,,,,동,案內-,B
7294,안녕,,,,감,安寧,A
1978,안녕하다,,,,형,安寧-,A
4444,안녕히,,,,부,安寧-,A
929,안다01,,,,동,,A
2970,안되다01,,,,동,공부가 ~,A
7295,안되다02,,,,형,마음이 언짢다,B
2136,안방02,,,,명,#NAME?,B
2115,안전03,,,,명,安全,B
2835,안전하다,,,,형,安全-,B
4623,안주04,,,,명,按酒,B
3362,안쪽,,,,명,,B
2554,안타깝다,,,,형,,B
183,앉다,,座る,,동,,A
11,않다,,～ない,「-지 않다」の形で「～ない」,보,,A
1859,않다,,,,동,,A
2200,알01,,,,명,,B
36,알다,,知る、分かる,,동,,A
500,알려지다,,,,동,,B
993,알리다,,,,동,,B
1364,알맞다,,,,형,,B
2362,알아듣다,,,,동,,B
2137,앓다,,,,동,,B
4358,암08,,,,명,癌,B
64,앞,,前（空間的な）,空間的な「前」であり、時間的な「前」の意味はない。,명,,A
5376,앞길01,,,,명,앞에 있는 길,B
4220,앞뒤,,,,명,,B
2201,앞서다,,,,동,,B
7838,앞쪽,,,,명,,B
315,애02,,,,명,아이,B
3419,애인02,,,,명,愛人,B
7068,액세서리,,,,명,accessory,B
821,야04,,,,감,,B
2688,야구02,,,,명,野球,A
6098,야외,,,,명,野外,B
3194,야채,,,,명,野菜,B
677,약03,,,,관,約,B
2027,약07,,,,명,藥,A
666,약간,,,,부,若干,B
2363,약간,,,,명,若干,B
7298,약국02,,,,명,藥局,A
1203,약속,,,,명,約束,A
2660,약속하다,,,,동,約束-,A
1860,약하다01,,,,형,弱-,B
3421,얇다,,,,형,,B
1428,양20,,,,명,量,B
3422,양념,,,,명,,B
5248,양말01,,,,명,洋襪,A
9250,양배추,,,,명,洋-,B
5129,양보하다,,,,동,讓步-,B
4535,양복01,,,,명,洋服,A
2532,양쪽,,,,명,兩-,B
2116,양파,,,,명,洋-,B
9253,얕다,,,,형,,B
3079,얘03,,,,불,이 아이,B
237,얘기,,話,「이야기」の縮まった形。,명,이야기,A
736,얘기하다,,話す,「이야기하다」の話し言葉。,동,,A
446,어02,,あ,驚いた時の感嘆詞,감,,A
975,어깨01,,,,명,,A
133,어느01,,どの,,관,,A
2028,어느새,,,,부,,B
9254,어두워지다,,,,동,,B
1475,어둠,,,,명,,B
1476,어둡다,,,,형,,B
155,어디01,,どこ,,대,,A
1846,어디01,,,,감,,A
4815,어때,,,,불,어떠해,B
845,어떠하다,,,,형,,A
2689,어떡하다,,,,불,어떠하게 하다,B
67,어떤,,どんな、ある,疑問文の中では「どんな」、平叙文の中では「ある」という意味を持つ。,관,,A
76,어떻다,,どうだ,,형,,A
1455,어려움,,,,명,,B
223,어렵다,,難しい,,형,,A
653,어른01,,大人,,명,,A
4141,어리다01,,,,동,눈물이 ~,B
481,어리다03,,,,형,나이가 적다,B
4084,어린아이,,,,명,,B
4624,어린애,,,,명,,B
802,어린이01,,子ども,,명,,A
8160,어린이날,,,,명,,B
3080,어머,,,,감,,B
106,어머니01,,母,,명,,A
2902,어머님,,,,명,,B
2775,어색하다02,,,,형,語塞-,B
1522,어서01,,,,부,,A
990,어울리다,,,,동,,B
2138,어제01,,,,부,,A
2252,어제01,,,,명,어저께,A
5378,어젯밤,,,,명,,B
749,어쩌다01,,,,동,,B
1354,어쩌면,,,,부,,B
4085,어쩐지,,,,부,,B
34770,억04,,,,수,億,B
497,언니,,女性から見た姉,,명,,A
891,언제01,,,,부,,A
1008,언제01,,,,대,,A
794,언제나,,いつでも,,부,,A
1700,언젠가,,,,부,,B
2776,얹다,,,,동,,B
331,얻다01,,,,동,,B
157,얼굴01,,顔,,명,,A
4538,얼다01,,,,동,,B
1047,얼른02,,,,부,,B
402,얼마,,いくら,,명,,A
285,얼마나,,どれだけ、どれくらい,,부,,A
3593,얼음01,,,,명,,B
240,엄마,,お母さん、ママ,,명,,A
1105,업무02,,,,명,業務,B
10,없다01,,ない,,형,,A
1925,없애다,,,,동,,B
1039,없어지다,,,,동,,B
171,없이,,,,부,,B
2903,엉뚱하다,,,,형,,B
9260,엊그제,,,,부,,B
1210,에너지,,,,명,energy,B
7071,에어컨,,,,명,air conditioner,A
4363,엔01,,,,의,&일en,B
4816,엘리베이터,,,,명,elevator,B
4539,여07,,,,명,女,B
9261,여고생,,,,명,女高生,B
5380,여관03,,,,명,旅館,B
4142,여권02,,,,명,旅券,A
144,여기01,,ここ,,대,,A
2084,여기저기,,,,명,,B
8467,여대생,,,,명,女大生,B
34841,여덟,,,,수,,A
6102,여동생,,,,명,女同生,A
13584,여든,,,,수,,A
117,여러,,いくつもの,,관,,A
1300,여러분,,,,대,,A
766,여름01,,夏,,명,,A
3764,여름철,,,,명,,B
2904,여보01,,,,감,,B
3081,여보세요,,,,감,,A
17283,여섯,,,,수,,A
146,여성01,,,,명,女性,B
5249,여우01,,,,명,동물,B
1994,여유,,,,명,餘裕,B
84,여자02,,女の人,,명,女子,A
10153,여직원,,,,명,女職員,B
5381,여쭈다,,,,동,,B
3287,여학생,,,,명,女學生,A
984,여행02,,,,명,旅行,A
6642,여행사,,,,명,旅行社,B
5949,여행하다01,,,,동,旅行-,A
4087,역14,,,,명,驛,A
208,역사04,,歴史,,명,歷史,A
2319,역사가,,,,명,歷史家,B
2601,역사적,,,,명,歷史的,B
313,역시01,,,,부,亦是,B
443,역할,,,,명,役割,B
2219,연결되다,,,,동,連結-,B
2345,연결하다01,,,,동,連結-,B
239,연구03,,,,명,硏究,B
1950,연구소,,,,명,硏究所,B
2320,연구자,,,,명,硏究者,B
1566,연구하다02,,,,동,硏究-,B
2364,연기09,,,,명,煙氣,B
1724,연기10,,,,명,演技,B
15856,연락처,,,,명,連絡處,B
4088,연락하다02,,,,동,連絡-,B
3124,연말02,,,,명,年末,B
15860,연세02,,,,명,年歲,B
1896,연습03,,,,명,練習,A
5382,연습하다03,,,,동,練習-,A
3703,연필,,,,명,鉛筆,A
7311,연하다01,,,,형,軟-,B
4820,연휴02,,,,명,連休,B
9266,열03,,,,수,,A
1821,열07,,,,명,熱,B
287,열다02,,開ける、開く,,동,문을 ~,A
10159,열리다01,,,,동,열매가 ~,B
436,열리다02,,,,동,문이 ~,B
4143,열쇠,,,,명,,A
660,열심히,,一生懸命に,,부,熱心-,A
2602,열차02,,,,명,列車,B
5523,열흘,,,,명,,B
7074,염려하다01,,,,동,念慮-,B
7581,엽서02,,,,명,葉書,B
,영국,,,,고,英國,A
28312,영상03,,,,명,零上,B
1090,영어02,,,,명,英語,A
2934,영원하다,,,,형,永遠-,B
3540,영원히,,,,부,永遠-,B
5037,영하,,,,명,零下,B
341,영화01,,映画,,명,映畵,A
444,옆,,横,,명,,A
10162,옆방,,,,명,#NAME?,B
6107,옆집,,,,명,,B
605,예06,,はい,「네」よりも丁寧。,감,,A
452,예08,,,,명,例,B
2009,예금01,,,,명,預金,B
28328,예매하다01,,,,동,豫買-,B
1009,예쁘다,,,,형,,A
2690,예상02,,,,명,豫想,B
21340,예순,,,,수,,A
205,예술,,,,명,藝術,B
1701,예술가,,,,명,藝術家,B
9271,예약,,,,명,豫約,B
1832,예전01,,,,명,,B
2449,예절,,,,명,禮節,B
999,예정02,,,,명,豫定,B
1445,옛01,,,,관,,B
617,옛날,,昔,,명,,A
8863,옛날이야기,,,,명,,B
5386,오02,,,,감,,B
21348,오04,,,,수,五,A
3365,오가다,,,,동,,B
310,오늘,,今日,,명,,A
544,오늘,,今日,,부,,A
721,오늘날,,,,명,,B
35,오다01,,来る,,동,,A
71,오다01,,（～て）来る,,보,,A
978,오래02,,,,부,,A
6108,오래간만,,,,명,,A
6109,오래도록,,,,부,,B
3046,오래되다,,,,동,,B
2203,오래전,,,,명,#NAME?,B
1254,오랜,,,,관,,B
2390,오랜만,,,,명,,A
1420,오랫동안,,,,명,,B
4145,오렌지,,,,명,orange,A
394,오르다,,上がる,,동,,A
8169,오른발,,,,명,,B
5651,오른손,,,,명,,B
1897,오른쪽,,,,명,,A
6846,오리03,,,,명,동물,B
8865,오븐,,,,명,oven,B
1000,오빠,,,,명,,A
19100,오십,,,,수,五十,A
991,오월01,,,,명,五月,A
7076,오이01,,,,명,,B
1193,오전02,,,,명,午前,A
2140,오직01,,,,부,,B
2287,오징어,,,,명,,B
10167,오피스텔,,,,명,office hotel,B
606,오후02,,午後,,명,午後,A
5527,옥수수,,,,명,,B
1465,온01,,,,관,,B
2475,온도,,,,명,溫度,B
2268,온몸,,,,명,,B
2253,온통,,,,부,,B
669,올라가다,,上がる、上がっていく,,동,,A
1494,올라오다,,,,동,,B
3125,올려놓다,,,,동,,B
1437,올림픽,,,,명,Olympic,B
701,올해,,今年,,명,,A
753,옮기다,,,,동,,B
1172,옳다01,,,,형,,B
530,옷01,,服,,명,,A
5252,와02,,,,감,,B
8867,와인,,,,명,wine,B
2507,완벽하다,,,,형,完璧-,B
795,완전히,,,,부,完全-,B
1142,왕04,,,,명,王,B
159,왜02,,どうして、なぜ,,부,,A
1301,왜냐하면,,,,부,,A
2972,왠지,,,,부,,B
892,외04,,,,의,外,B
2346,외교01,,,,명,外交,B
5039,외교관,,,,명,外交官,B
651,외국02,,外国,,명,外國,A
5040,외국어,,,,명,外國語,A
1611,외국인,,,,명,外國人,A
3322,외롭다,,,,형,,B
7078,외삼촌,,,,명,外三寸,B
4718,외우다01,,,,동,,B
5257,외출,,,,명,外出,B
9714,외출하다,,,,동,外出-,B
8482,외할머니,,,,명,外-,B
7860,왼발,,,,명,,B
6649,왼손,,,,명,,B
1822,왼쪽,,,,명,,A
668,요구하다,,,,동,要求-,B
2288,요금01,,,,명,料金,B
1604,요리05,,,,명,料理,A
14695,요리하다02,,,,동,料理-,A
3649,요새01,,,,명,,B
7586,요일,,,,명,曜日,A
2603,요즈음,,,,명,,A
399,요즘,,この頃,,명,,A
3011,요청,,,,명,要請,B
7587,욕실,,,,명,浴室,B
2973,욕심,,,,명,欲心,B
2289,용돈,,,,명,用-,B
13,우리03,,私たち、うちの,,대,,A
181,우리나라,,うちの国、我が国,,명,,A
2716,우리말,,,,명,,B
1632,우산01,,,,명,雨傘,A
430,우선02,,,,부,于先,B
4924,우수하다02,,,,형,優秀-,B
2974,우승05,,,,명,優勝,B
8874,우승하다,,,,동,優勝-,B
2935,우연히,,,,부,偶然-,B
5790,우울하다,,,,형,憂鬱-,B
2065,우유02,,,,명,牛乳,A
5791,우체국,,,,명,郵遞局,A
12746,우표,,,,명,郵票,B
3012,운06,,,,명,運,B
123,운동02,,運動,,명,運動,A
19150,운동복,,,,명,運動服,B
2534,운동장,,,,명,運動場,A
4822,운동하다,,,,동,運動-,A
9285,운동화,,,,명,運動靴,A
3707,운전02,,,,명,運轉,A
7592,운전기사,,,,명,運轉技士,B
4720,운전자,,,,명,運轉者,B
7864,운전하다,,,,동,運轉-,A
596,울다01,,泣く,,동,울음을 ~,A
1559,울리다01,,,,동,종이 ~,B
,울산,,,,고,蔚山,B
3197,울음,,,,명,,B
491,움직이다,,,,동,,B
3246,웃기다,,,,동,,B
324,웃다,,笑う,,동,,A
8877,웃어른,,,,명,,B
909,웃음,,,,명,,B
74,원01,,ウォン,韓国と北朝鮮の貨幣単位。韓国ウォンは約0.1円。,의,화폐 단위,A
1173,원래01,,,,명,元來,B
7321,원숭이,,,,명,,B
10182,원피스,,,,명,one-piece,B
903,원하다02,,,,동,願-,B
6854,월02,,,,의,月,A
3541,월급,,,,명,月給,B
6279,월드컵,,,,명,World Cup,B
4823,월요일,,,,명,月曜日,A
5259,웨이터,,,,명,waiter,B
3428,웬일,,,,명,,B
122,위01,,上,,명,~아래,A
2182,위반03,,,,명,違反,B
9724,위아래,,,,명,,B
7086,위쪽,,,,명,,B
15946,위층,,,,명,#NAME?,B
895,위치01,,,,명,位置,B
2420,위치하다,,,,동,位置-,B
33,위하다01,,,,동,爲-,B
1744,위험,,,,명,危險,A
2141,위험하다,,,,형,危險-,A
2717,유교02,,,,명,儒敎,B
2604,유난히,,,,부,,B
,유럽,,,,고,Europe,B
3247,유리10,,,,명,琉璃,B
4721,유리창01,,,,명,琉璃窓,B
4926,유명01,,,,명,有名,B
1605,유명하다01,,,,형,有名-,A
1080,유월01,,,,명,六月,A
3489,유치원,,,,명,幼稚園,B
2838,유학04,,,,명,留學,B
4452,유학06,,,,명,儒學,B
6655,유학생01,,,,명,留學生,B
3542,유행02,,,,명,流行,B
5043,유행하다01,,,,동,流行-,B
17406,육02,,,,수,六,A
28580,육십,,,,수,六十,A
5045,으응,,,,감,,B
599,은행02,,銀行,,명,銀行,A
1487,음01,,,,감,,B
2291,음료,,,,명,飮料,B
7093,음료수,,,,명,飮料水,B
395,음식,,食べ物,,명,飮食,A
586,음악01,,音楽,,명,音樂,A
8499,음악가,,,,명,音樂家,B
1110,응01,,,,감,,B
726,의견01,,,,명,意見,B
228,의미02,,,,명,意味,B
1394,의미하다02,,,,동,意味-,B
1295,의사12,,,,명,醫師,A
2872,의심하다,,,,동,疑心-,B
2292,의자03,,,,명,椅子,A
110,의하다01,,,,동,依-,B
2692,이03,,,,명,신체,A
14,이05,,この,,관,,A
30,이05,,これ,書き言葉,대,,A
9733,이09,,,,수,二,A
314,이거01,,これ,「이것」の話し言葉,대,,A
170,이것,,これ,,대,,A
5656,이것저것,,,,명,,B
624,이곳,,ここ,,대,,A
9294,이곳저곳,,,,명,,B
1111,이기다01,,,,동,적에게 ~,B
618,이날,,,,명,,B
2366,이동03,,,,명,移動,B
13671,이따가,,,,부,,B
548,이때,,この時,,명,,A
113,이러하다,,,,형,,B
83,이런01,,こんな～,,관,,A
,이렇게,,,,불,이러하게,B
105,이렇다,,こうだ,,형,,A
322,이루다01,,,,동,,B
359,이루어지다,,,,동,,B
1928,이뤄지다,,,,동,,B
320,이르다01,,,,동,도착하다,B
2557,이르다03,,,,형,빠르다,B
241,이름,,名前,,명,,A
3545,이리04,,,,부,~ 오너라,B
2476,이마01,,,,명,,B
4827,이모02,,,,명,姨母,B
232,이미01,,,,부,,B
1100,이미지,,,,명,image,B
9738,이발소,,,,명,理髮所,B
172,이번01,,今回の,,명,#NAME?,A
8505,이분01,,,,대,,A
2718,이불01,,,,명,,B
6117,이빨,,,,명,,B
1953,이사14,,,,명,移徙,B
8189,이사하다01,,,,동,移徙-,B
194,이상05,,,,명,以上,B
2694,이상09,,,,명,理想,B
2117,이상12,,,,명,異常,B
732,이상하다,,,,형,異常-,B
2719,이성08,,,,명,理性,B
51771,이십,,,,수,二十,A
197,이야기,,話す,,명,,A
539,이야기하다,,話す,,동,,A
1438,이외01,,,,명,以外,B
1642,이용01,,,,명,利用,B
2806,이용되다,,,,동,利用-,B
305,이용하다01,,,,동,利用-,B
951,이웃,,,,명,,B
5532,이웃집,,,,명,,B
1783,이월01,,,,명,二月,A
249,이유04,,,,명,理由,B
1412,이익02,,,,명,利益,B
869,이전03,,,,명,以前,B
210,이제01,,今,,부,,A
370,이제01,,今、これから,過去との違いを強調する意味で用いられる「今」,명,,A
1885,이쪽02,,,,대,,A
2807,이튿날,,,,명,,B
2422,이틀01,,,,명,시간,B
1965,이하02,,,,명,以下,B
930,이해06,,,,명,理解,B
515,이해하다02,,理解する,,동,理解-,A
7339,이혼03,,,,명,離婚,B
10196,이혼하다,,,,동,離婚-,B
270,이후02,,,,명,以後,B
2975,익다01,,,,동,감이 ~,B
3708,익숙하다,,,,형,,B
4011,익숙해지다,,,,동,,B
102,인간01,,,,명,人間,B
1302,인구01,,,,명,人口,B
849,인기01,,,,명,人氣,B
4374,인분80,,,,의,人分. 3~,B
1488,인사01,,,,명,人士,A
1204,인사02,,,,명,人事,A
8893,인사말,,,,명,人事-,B
4096,인사하다,,,,동,人事-,A
8512,인삼,,,,명,人蔘,B
15996,인삼차,,,,명,人蔘茶,B
8513,인상01,,,,명,人相,B
2451,인상06,,,,명,印象,B
880,인생01,,,,명,人生,B
4298,인원,,,,명,人員,B
1594,인제01,,,,부,,B
,인천,,,,고,仁川,A
,인천공항,,,,고,仁川空港,B
2452,인터넷,,,,명,internet,B
4300,인터뷰,,,,명,interview,B
4636,인형01,,,,명,人形,B
29,일01,,仕事、用事、出来事,,명,,A
7600,일05,,,,수,一,A
41,일07,,～日[にち],,의,하루,A
17461,일곱,,,,수,,A
7883,일기11,,,,명,日氣,B
3433,일기12,,,,명,日記,B
8191,일등,,,,명,一等,B
696,일반02,,,,명,一般,B
1324,일반적,,,,명,一般的,B
,일본,,,,고,日本,A
12030,일본어,,,,명,日本語,A
398,일부02,,,,명,一部,B
2720,일상04,,,,명,日常,B
3014,일상생활,,,,명,日常生活,B
216,일어나다,,起きる、立ち上がる,,동,,A
1784,일요일,,,,명,日曜日,A
1725,일월01,,,,명,一月,A
680,일으키다,,,,동,,B
3083,일정03,,,,명,日程,B
1456,일주일,,,,명,一週日,A
1186,일찍,,,,부,,A
661,일하다,,働く,,동,,A
7343,일회용,,,,명,一回用,B
9305,일회용품,,,,명,一回用品,B
13695,일흔,,,,수,,A
209,읽다,,読む,,동,,A
9306,읽히다01,,,,동,'읽다'의 피동사,B
756,잃다,,失う,,동,,A
2606,잃어버리다,,,,동,,A
1048,임금03,,,,명,賃金,B
2808,임시02,,,,명,臨時,B
1549,임신02,,,,명,妊娠,B
338,입,,口,,명,,A
2165,입구02,,,,명,入口,B
354,입다01,,着る,,동,옷을 ~,A
1679,입술,,,,명,,B
6293,입원01,,,,명,入院,B
6872,입원하다01,,,,동,入院-,B
2012,입학,,,,명,入學,B
4302,입학하다,,,,동,入學-,B
4,있다01,,ある、いる,,형,,A
888,있다01,,,,동,,A
931,잊다01,,,,동,,A
2905,잊어버리다,,,,동,,A
1680,잎01,,,,명,,A
1277,자04,,,,감,,B
5264,자가용,,,,명,自家用,B
2204,자격04,,,,명,資格,B
126,자기04,,,,대,自己,B
427,자기04,,,,명,自己,B
1385,자꾸01,,,,부,,B
3654,자꾸만,,,,부,,B
541,자다01,,寝る、眠る,,동,,A
2721,자동01,,,,명,自動,B
796,자동차,,自動車,,명,自動車,A
5139,자라나다,,,,동,,B
767,자라다01,,,,동,커지다,B
2581,자랑스럽다,,,,형,,B
2875,자랑하다01,,,,동,,B
509,자료03,,,,명,資料,B
1166,자르다01,,,,동,,B
229,자리01,,席,,명,~가 없다,A
2255,자세히,,,,부,仔細-,B
504,자식01,,,,명,子息,B
72,자신01,,,,명,自身,B
2143,자신02,,,,명,自信,B
348,자연01,,,,명,自然,B
924,자연스럽다,,,,형,自然-,B
757,자유03,,,,명,自由,B
1278,자유롭다,,,,형,自由-,B
5048,자장면,,,,명,&중Zhajiangmian,A
1224,자전거,,,,명,自轉車,A
674,자주01,,よく、しょっちゅう、頻繁に,,부,,A
286,자체02,,,,명,自體,B
8904,자판기,,,,명,自販機,B
565,작가01,,,,명,作家,B
1040,작년,,,,명,昨年,A
259,작다01,,小さい,,형,,A
8198,작아지다,,,,동,,B
884,잔03,,,,명,盞,A
2166,잔뜩,,,,부,,B
3710,잔치01,,,,명,,B
68,잘02,,よく、上手に,,부,,A
1402,잘되다,,,,동,,B
1371,잘못,,,,명,,B
1775,잘못,,,,부,,B
1541,잘못되다,,,,동,,B
1861,잘못하다,,,,동,,B
6295,잘살다,,,,동,,B
6668,잘생기다,,,,형,,B
479,잘하다,,上手だ、うまい,,동,,A
640,잠01,,眠り,「자다」の名詞形。,명,,A
2582,잠깐,,,,명,,A
2607,잠깐,,,,부,,A
2608,잠들다,,,,동,,B
722,잠시,,少しの間、ちょっと,,부,暫時,A
2144,잠시,,,,명,暫時,B
12049,잠옷,,,,명,,B
4547,잠자다,,,,동,,A
202,잡다01,,掴む、捕まえる,,동,,A
6878,잡수시다,,,,동,,A
1862,잡지,,,,명,雜誌,A
1550,잡히다02,,,,동,'잡다'의 피동사,B
925,장22,,,,의,張. 종이 한 ~,A
2664,장25,,,,명,章,B
6296,장가01,,,,명,~가다,B
12051,장갑01,,,,명,掌匣,B
1200,장군04,,,,명,將軍,B
6879,장난감,,,,명,,B
4152,장남03,,,,명,長男,B
2722,장래,,,,명,將來,B
7605,장마01,,,,명,,B
12818,장미05,,,,명,薔薇,A
2220,장사01,,,,명,,B
1325,장소05,,,,명,場所,A
2779,장점02,,,,명,長點,B
6129,장학금,,,,명,奬學金,B
750,재료01,,,,명,材料,B
1439,재미01,,,,명,,A
5538,재미없다,,,,형,,A
697,재미있다,,面白い,,형,,A
662,재산,,,,명,財産,B
9757,재작년,,,,명,再昨年,B
9758,재채기,,,,명,,B
6131,쟤,,,,불,저 아이,B
56,저03,,私,,대,일인칭 대명사,A
460,저04,,あの,,관,멀리 있는 대상,A
7608,저04,,,,대,멀리 있는 대상,A
1833,저05,,,,감,,B
4015,저거01,,,,대,,A
4304,저것,,,,대,,A
52763,저곳,,,,대,,A
1692,저기01,,,,대,,A
634,저녁,,夕方,,명,,A
8910,저녁때,,,,명,,B
3773,저런01,,,,관,,B
9325,저런02,,,,감,,B
,저렇게,,,,불,저러하게,B
3085,저렇다,,,,형,,B
6674,저리01,,,,부,저곳으로,B
7897,저번02,,,,명,這番,B
5661,저자05,,,,명,著者,B
2031,저쪽,,,,대,,A
4016,저축03,,,,명,貯蓄,B
1245,저희01,,,,대,,B
363,적03,,,,의,,B
2665,적13,,,,명,敵,B
2167,적극,,,,명,積極,B
1279,적극적,,,,명,積極的,B
1334,적다01,,,,동,답을 ~,A
590,적다02,,少ない,,형,경험이 ~,A
2583,적당하다02,,,,형,適當-,B
2780,적당히,,,,부,適當-,B
1447,적어도,,,,부,,B
8918,적어지다,,,,동,,B
2454,적용하다,,,,동,適用-,B
115,전08,,前（時間的な）,,명,前,A
534,전08,,（時間的な）前,,관,前,A
3495,전공05,,,,명,專攻,B
709,전국03,,,,명,全國,B
1834,전기15,,,,명,電氣,B
6884,전기밥솥,,,,명,,B
3372,전날,,,,명,前-,B
2424,전달하다02,,,,동,傳達-,B
,전라도,,,,고,全羅道,B
1015,전문08,,,,명,專門,B
1379,전문가,,,,명,專門家,B
3202,전부05,,,,명,全部,B
3713,전부05,,,,부,全部,B
2293,전자06,,,,명,電子,B
533,전쟁,,,,명,戰爭,B
4643,전철04,,,,명,電鐵,B
329,전체01,,,,명,全體,B
2393,전체적,,,,명,全體的,B
881,전통06,,,,명,傳統,B
2455,전통적,,,,명,傳統的,B
797,전하다,,,,동,傳-,B
2294,전해지다,,,,동,傳-,B
496,전혀01,,,,부,全-,B
375,전화07,,電話,,명,電話,A
7360,전화기,,,,명,電話機,B
3836,전화번호,,,,명,電話番號,A
4461,전화하다02,,,,동,電話-,A
2510,절01,,,,명,사찰,B
3327,절02,,,,명,~을 하다,B
3434,절대05,,,,부,絶對,B
2477,절대로,,,,부,絶對-,B
2394,절반,,,,명,折半,B
6676,절약하다,,,,동,節約-,B
528,젊다,,,,형,,B
1255,젊은이,,,,명,,B
109,점10,,,,명,點,B
1577,점10,,,,의,點,B
3602,점수06,,,,명,點數,B
2256,점심,,,,명,點心,A
9328,점심때,,,,명,點心-,B
6132,점심시간,,,,명,點心時間,A
8536,점원01,,,,명,店員,B
1143,점점01,,,,부,漸漸,B
1285,점차02,,,,부,漸次,B
4234,접시,,,,명,,B
4550,젓가락,,,,명,,A
2559,젓다01,,,,동,,B
2269,정20,,,,명,情,B
9769,정거장,,,,명,停車場,B
7906,정답,,,,명,正答,B
86,정도11,,,,명,程度,B
5966,정류장,,,,명,停留場,A
2323,정리09,,,,명,整理,B
1212,정리하다,,,,동,整理-,B
349,정말01,,本当、本当に,,부,正-,A
3129,정말01,,,,명,正-,B
5275,정말01,,,,감,正-,B
2425,정말로,,,,부,正-,B
4305,정문03,,,,명,正門,B
435,정보06,,,,명,情報,B
1931,정상11,,,,명,頂上,B
2609,정식01,,,,명,正式,B
319,정신12,,,,명,精神,B
2270,정신적,,,,명,精神的,B
5276,정원06,,,,명,庭園,B
234,정치03,,,,명,政治,B
2844,정치적,,,,명,政治的,B
803,정하다03,,,,동,定-,B
2939,정해지다,,,,동,定-,B
1016,정확하다01,,,,형,正確-,B
2257,정확히01,,,,부,正確-,B
1466,젖다01,,,,동,,B
1440,제공하다02,,,,동,提供-,B
619,제대로,,,,부,,B
1524,제목02,,,,명,題目,B
3547,제발01,,,,부,,B
3162,제법01,,,,부,,B
733,제일04,,一番、最も,,명,第一,A
,제주도,,,,고,濟州島,A
2976,제출하다02,,,,동,提出-,B
516,제품02,,,,명,製品,B
2222,제한01,,,,명,制限,B
2907,조각05,,,,명,彫刻,B
468,조건02,,,,명,條件,B
2324,조그맣다,,,,형,,B
663,조금01,,少し,,명,,A
738,조금01,,少し,,부,,A
1735,조금씩,,,,부,,B
336,조사30,,,,명,調査,B
885,조사하다12,,,,동,調査-,B
1583,조상07,,,,명,祖上,B
2977,조심스럽다,,,,형,操心-,B
2666,조심하다02,,,,동,操心-,B
2610,조용하다01,,,,형,,A
2047,조용히,,,,부,,B
4835,조카,,,,명,,B
9778,존댓말,,,,명,尊待-,B
7913,졸다01,,,,동,,B
2845,졸업,,,,명,卒業,A
6307,졸업생,,,,명,卒業生,B
2145,졸업하다,,,,동,卒業-,A
90,좀02,,ちょっと,日本語の「ちょっと」同様、依頼表現の語感を柔らかくするために用いられることがある。,부,조금,A
1754,좁다01,,,,형,,B
1810,종09,,,,명,種,B
921,종교,,,,명,宗敎,B
,종로,,,,고,鍾路,B
973,종류02,,,,명,種類,B
2512,종업원,,,,명,從業員,B
1423,종이01,,,,명,,A
10245,종이컵,,,,명,#NAME?,B
3499,종일01,,,,명,終日,B
1266,종합,,,,명,綜合,B
45,좋다01,,良い,,형,,A
3500,좋아지다,,,,동,,B
438,좋아하다,,好きだ、好む,,동,,A
4464,좌석,,,,명,座席,B
2724,죄송하다,,,,형,罪悚-,A
2183,주26,,,,명,週,A
2585,주26,,,,의,週,A
23,주다01,,（～て）あげる、くれる,,보,,A
101,주다01,,あげる、くれる,,동,,A
641,주로01,,,,부,主-,B
1933,주말02,,,,명,週末,A
2348,주머니,,,,명,,B
2699,주먹,,,,명,,B
5816,주무시다,,,,동,,B
5408,주문하다01,,,,동,注文-,B
654,주변04,,,,명,周邊,B
1765,주부03,,,,명,主婦,B
5409,주사13,,,,명,注射,B
4836,주소01,,,,명,住所,A
5553,주스,,,,명,juice,A
1058,주요01,,,,명,主要,B
743,주위02,,,,명,周圍,B
825,주인01,,,,명,主人,A
1310,주인공,,,,명,主人公,B
503,주장하다01,,,,동,主張-,B
836,주제04,,,,명,主題,B
14862,주차04,,,,명,駐車,B
5143,주차장,,,,명,駐車場,B
19443,주차하다01,,,,동,駐車-,B
1478,주택,,,,명,住宅,B
4381,죽07,,,,명,粥,B
231,죽다01,,死ぬ,,동,굶어 ~,A
6308,죽다01,,,,보,심심해 ~,B
985,죽음01,,,,명,,B
1215,죽이다01,,,,동,굶겨 ~,B
1074,준비,,,,명,準備,A
5554,준비되다,,,,동,準備-,B
3950,준비물,,,,명,準備物,B
1107,준비하다,,,,동,準備-,A
1205,줄01,,,,명,~로 감다,B
343,줄04,,,,의,방법,B
2325,줄기01,,,,명,,B
2810,줄다,,,,동,,B
8219,줄무늬,,,,명,,B
896,줄이다,,,,동,,B
2781,줍다01,,,,동,,B
66,중04,,,,의,中,B
1681,중간01,,,,명,中間,B
,중국,,,,고,中國,A
19454,중국어,,,,명,中國語,A
11408,중국집,,,,명,中國-,B
308,중심01,,,,명,中心,B
5974,중요02,,,,명,重要,B
2725,중요성,,,,명,重要性,B
220,중요하다02,,重要だ,,형,重要-,A
1996,중학교,,,,명,中學校,A
5053,중학생,,,,명,中學生,A
3250,쥐02,,,,명,동물,B
1413,쥐다01,,,,동,주먹을 ~,B
267,즉01,,,,부,卽,B
2611,즉시,,,,명,卽時,B
3203,즐거움,,,,명,,B
9345,즐거워하다,,,,동,,B
1002,즐겁다,,,,형,,A
687,즐기다01,,,,동,,B
2271,증상01,,,,명,症狀,B
4021,증세01,,,,명,症勢,B
688,지02,,,,의,만난 ~ 오래되다,B
3888,지갑03,,,,명,紙匣,A
2811,지구03,,,,명,地區,B
773,지구04,,,,명,地球,B
176,지금03,,今,,명,只今,A
195,지금03,,今,,부,只今,A
961,지나가다,,,,동,,B
97,지나다,,,,동,,B
1059,지나치다,,,,형,,B
1643,지난달,,,,명,,A
3331,지난번,,,,명,#NAME?,B
7371,지난주,,,,명,#NAME?,A
523,지난해,,,,명,,B
600,지내다01,,過ごす,,동,,A
2751,지다02,,,,동,해가 ~,B
3204,지다03,,,,동,전쟁에 ~,B
1776,지다05,,,,동,등에 ~,B
1901,지도03,,,,명,地圖,A
1644,지르다03,,,,동,소리를 ~,B
275,지방05,,,,명,地方,B
2478,지붕,,,,명,,B
162,지역03,,,,명,地域,B
11421,지우개,,,,명,,A
2812,지우다01,,,,동,낙서를 ~,A
3298,지점03,,,,명,地點,B
2258,지치다01,,,,동,일에 ~,B
381,지키다01,,,,동,,B
1745,지하,,,,명,地下,A
11424,지하도,,,,명,地下道,B
1755,지하철,,,,명,地下鐵,A
1578,직업,,,,명,職業,B
1187,직원03,,,,명,職員,B
1052,직장05,,,,명,職場,B
561,직접,,,,부,直接,B
2942,직접,,,,명,直接,B
7378,진달래,,,,명,,B
1431,진짜,,,,부,眞-,B
2480,진짜,,,,명,眞-,B
2782,진출02,,,,명,進出,B
3018,진하다01,,,,형,津-,B
1246,진행되다,,,,동,進行-,B
2587,진행하다,,,,동,進行-,B
2667,질08,,,,명,質,B
1144,질문,,,,명,質問,A
7634,질문하다,,,,동,質問-,A
607,질서03,,,,명,秩序,B
2538,짐01,,,,명,,B
49,집01,,家,,명,,A
1756,집다01,,,,동,,B
1213,집안01,,,,명,,B
2243,집중02,,,,명,集中,B
1525,짓01,,,,명,,B
247,짓다01,,,,동,,B
2482,짙다02,,,,형,,B
9356,짜다03,,,,형,음식이 ~,A
3663,짜증,,,,명,,B
856,짧다,,,,형,,A
7637,짧아지다,,,,동,,B
6142,쪽02,,,,명,면,B
233,쪽05,,方[ほう],,의,방향,A
6693,찌개01,,,,명,,A
7638,찌다01,,,,동,살이 ~,B
2668,찌르다,,,,동,,B
1188,찍다02,,,,동,서류에 도장을 ~,A
417,차06,,車,,명,車,A
3052,차09,,,,명,茶,A
2067,차갑다,,,,형,,B
7386,차남02,,,,명,次男,B
2223,차다02,,,,동,공을 ~,B
3716,차다04,,,,형,날씨가 ~,B
658,차례01,,,,명,次例,B
1386,차리다,,,,동,,B
557,차이,,,,명,差異,B
1567,착하다,,,,형,,B
4740,찬물01,,,,명,,B
622,참01,,本当、まったく,,부,참으로,A
1800,참01,,,,감,이것 ~,B
2456,참가하다01,,,,동,參加-,B
2813,참기름,,,,명,,B
1053,참다,,,,동,,B
1966,참석하다,,,,동,參席-,B
8562,찻잔,,,,명,茶盞,B
3439,창고01,,,,명,倉庫,B
2033,창문,,,,명,窓門,A
2483,창밖,,,,명,窓-,B
191,찾다,,探す、見つける,,동,,A
1424,찾아가다,,,,동,,B
2326,찾아내다,,,,동,,B
1112,찾아보다,,,,동,,B
1023,찾아오다,,,,동,,B
5417,채널,,,,명,channel,B
3053,채소,,,,명,菜蔬,B
1777,채우다03,,,,동,자리를 ~,B
215,책01,,本,,명,冊,A
7640,책가방,,,,명,冊-,B
10808,책방01,,,,명,冊房,B
1653,책상01,,,,명,冊床,A
758,책임,,,,명,責任,B
2669,책임자,,,,명,責任者,B
5978,챔피언,,,,명,champion,B
1495,챙기다,,,,동,,B
184,처음,,初めて,,명,,A
3090,천03,,,,관,千,A
24937,천03,,,,수,千,A
1683,천천히,,,,부,,A
4945,철01,,,,명,계절,B
670,첫,,,,관,,B
3664,첫날,,,,명,,B
1728,첫째,,,,수,,A
4386,첫째,,,,관,,A
2259,청년,,,,명,靑年,B
10274,청바지,,,,명,靑-,A
2484,청소06,,,,명,淸掃,A
19549,청소기80,,,,명,淸掃機,B
1108,청소년,,,,명,靑少年,B
4946,청소하다03,,,,동,淸掃-,A
1396,체육,,,,명,體育,B
4241,체중01,,,,명,體重,B
1206,쳐다보다,,,,동,,B
1181,초03,,,,의,初,B
2034,초07,,,,의,秒,B
7129,초대06,,,,명,招待,A
5293,초대하다02,,,,동,招待-,A
9369,초등학교,,,,명,初等學校,A
16217,초록색,,,,명,草綠色,B
6147,초밥,,,,명,醋-,B
9370,초보01,,,,명,初步,B
9811,초보자,,,,명,初步者,B
9812,초청장,,,,명,招請狀,B
8235,초콜릿,,,,명,chocolate,A
1801,총장01,,,,명,總長,B
2120,촬영,,,,명,撮影,B
587,최고02,,,,명,最高,B
278,최근,,,,명,最近,B
1468,최대,,,,명,最大,B
2612,최선02,,,,명,最善,B
2168,최소한,,,,명,最小限,B
1175,최초,,,,명,最初,B
2426,추다02,,,,동,춤을 ~,A
2752,추억,,,,명,追憶,B
3504,추위01,,,,명,,B
1317,축구04,,,,명,蹴球,A
16227,축구공,,,,명,蹴球-,B
2562,축제01,,,,명,祝祭,B
5982,축하,,,,명,祝賀,B
4656,축하하다,,,,동,祝賀-,A
6149,출구01,,,,명,出口,B
4470,출근,,,,명,出勤,B
5420,출근하다,,,,동,出勤-,B
2881,출발,,,,명,出發,B
1982,출발하다,,,,동,出發-,A
2272,출연하다02,,,,동,出演-,B
3955,출입,,,,명,出入,B
6150,출입문,,,,명,出入門,B
5686,출장01,,,,명,出張,B
1458,춤01,,,,명,,A
5154,춤추다,,,,동,,A
1654,춥다,,,,형,,A
1595,충격02,,,,명,衝擊,B
1624,충분하다01,,,,형,充分-,B
1207,충분히,,,,부,充分-,B
,충청도,,,,고,忠淸道,B
2671,취미04,,,,명,趣味,A
5983,취소01,,,,명,取消,B
5421,취소하다01,,,,동,取消-,B
4844,취직,,,,명,就職,B
1113,취하다01,,,,동,取-,B
2225,취하다03,,,,동,醉-,B
922,층02,,,,명,層,A
8960,치과,,,,명,齒科,B
366,치다02,,打つ,,동,얼굴을 ~,A
1542,치료,,,,명,治療,B
3718,치료하다,,,,동,治療-,B
2457,치마01,,,,명,,A
7649,치약,,,,명,齒藥,A
3134,치우다01,,,,동,,B
2035,치즈,,,,명,cheese,B
147,친구02,,友達,,명,親舊,A
6318,친절,,,,명,親切,B
3894,친절하다,,,,형,親切-,A
2458,친척,,,,명,親戚,B
3209,친하다,,,,형,親-,B
14947,칠01,,,,수,七,A
19607,칠십,,,,수,七十,A
1404,칠월,,,,명,七月,A
10833,칠판,,,,명,漆板,A
1670,침대02,,,,명,寢臺,A
6319,침실,,,,명,寢室,B
8589,칫솔,,,,명,齒-,A
2947,칭찬,,,,명,稱讚,B
2184,카드,,,,명,card,A
9816,카레,,,,명,curry,B
2298,카메라,,,,명,camera,A
3895,카운터01,,,,명,계산대,B
2848,카페,,,,명,&프cafe,B
2273,칼01,,,,명,베는 도구,A
,캐나다,,,,고,Canada,A
7134,캠퍼스,,,,명,campus,B
886,커다랗다,,,,형,,B
1510,커지다,,,,동,,B
5987,커튼,,,,명,curtain,B
383,커피,,コーヒー,,명,coffee,A
282,컴퓨터,,コンピューター,,명,computer,A
1414,컵,,,,명,cup,A
2427,켜다01,,,,동,성냥을 ~,A
4314,켜지다,,,,동,,B
1335,코01,,,,명,,A
10292,코끼리,,,,명,,B
2428,코너,,,,명,corner,B
7939,코피01,,,,명,,B
10293,콘서트,,,,명,concert,B
5567,콜라,,,,명,cola,A
2849,콤플렉스,,,,명,complex,B
2226,콩01,,,,명,,B
4027,콩나물,,,,명,,B
1054,크기,,,,명,,B
39,크다01,,大きい,,형,,A
2726,크다01,,,,동,,A
10839,크리스마스,,,,명,Christmas,A
8591,큰길,,,,명,,B
10294,큰소리01,,,,명,,B
2245,큰일01,,,,명,중대한 일,B
1124,키01,,,,명,신장,A
980,키우다,,,,동,,B
9823,킬로,,,,의,kilo,B
2784,킬로그램,,,,의,kilogram,B
1997,킬로미터,,,,의,kilometer,B
260,타다02,,乗る,,동,버스에 ~,A
2613,탑02,,,,명,塔,B
6321,태권도,,,,명,跆拳道,A
741,태도03,,,,명,態度,B
1767,태양02,,,,명,太陽,B
684,태어나다,,生まれる,,동,,A
2910,태우다01,,,,동,쓰레기를 ~,B
4389,태우다02,,,,동,차에 ~,B
4748,태풍,,,,명,颱風,B
1824,택시,,,,명,taxi,A
2727,탤런트,,,,명,talent,B
364,터02,,,,의,,B
7136,터널,,,,명,tunnel,B
2563,터뜨리다,,,,동,,B
8250,터미널,,,,명,terminal,B
3252,턱01,,,,명,신체의 일부,B
3057,털,,,,명,,B
2701,털다,,,,동,,B
5157,테니스,,,,명,tennis,A
8964,테스트,,,,명,test,B
2639,테이블,,,,명,table,A
3093,테이프,,,,명,tape,B
940,텔레비전,,,,명,television,A
4567,토끼,,,,명,,B
1912,토론01,,,,명,討論,B
3505,토마토,,,,명,tomato,B
2327,토요일,,,,명,土曜日,A
1286,톤01,,,,의,ton,B
2814,통10,,,,명,桶,B
7138,통12,,,,의,通,B
904,통신01,,,,명,通信,B
645,통일02,,,,명,統一,B
3611,통장02,,,,명,通帳,B
78,통하다,,,,동,通-,B
5690,퇴근,,,,명,退勤,B
8968,퇴근하다,,,,동,退勤-,B
1145,특별,,,,명,特別,B
1693,특별하다,,,,형,特別-,B
2728,특별히,,,,부,特別-,B
829,특징,,,,명,特徵,B
192,특히,,,,부,特-,B
2948,튼튼하다,,,,형,,B
2122,틀다,,,,동,,B
1837,틀리다01,,,,동,답이 ~,B
1768,틀림없다,,,,형,,B
971,티브이,,,,명,TV,A
9830,티셔츠,,,,명,T-shirts,B
664,팀01,,チーム,,명,team,A
3447,파01,,,,명,식물,B
1998,파도,,,,명,波濤,B
12965,파란색,,,,명,#NAME?,A
3506,파랗다,,,,형,,B
,파리,,,,고,Paris,B
5158,파리01,,,,명,,B
3335,파일03,,,,명,file,B
4849,파티,,,,명,party,A
1146,판단,,,,명,判斷,B
1280,판매,,,,명,販賣,B
3058,판매하다,,,,동,販賣-,B
957,팔01,,,,명,신체의 일부,A
16291,팔03,,,,수,八,A
657,팔다,,売る,,동,,A
3253,팔리다,,,,동,,B
29719,팔십,,,,수,八十,A
1527,팔월,,,,명,八月,A
5301,패션01,,,,명,fashion,B
4317,팩03,,,,명,pack,B
5992,팬01,,,,명,애호가,B
2816,팬03,,,,명,pan,B
7407,팬티,,,,명,panties,B
124,퍼센트,,パーセント,,의,percent,A
916,펴다,,,,동,,B
942,편09,,,,의,篇,B
2300,편리하다,,,,형,便利-,B
2397,편안하다01,,,,형,便安-,B
952,편지02,,,,명,便紙,A
1449,편하다,,,,형,便-,B
7409,편히,,,,부,便-,B
2169,펼쳐지다,,,,동,,B
2785,평범하다,,,,형,平凡-,B
2185,평생,,,,명,平生,B
1469,평소,,,,명,平素,B
10314,평일,,,,명,平日,B
1373,평화02,,,,명,平和,B
1501,포기하다01,,,,동,抛棄-,B
8603,포도06,,,,명,葡萄,A
4170,포도주,,,,명,葡萄酒,B
5159,포스터01,,,,명,poster,B
4246,포장01,,,,명,包裝,B
2148,포함되다01,,,,동,包含-,B
1128,포함하다02,,,,동,包含-,B
1543,폭06,,,,명,幅,B
2090,표04,,,,명,票,A
4318,표시하다01,,,,동,表示-,B
396,표정03,,,,명,表情,B
524,표현,,,,명,表現,B
730,표현하다,,,,동,表現-,B
1227,푸르다,,,,형,,B
4478,푹01,,,,부,,B
6157,풀01,,,,명,~을 바르다,B
2539,풀02,,,,명,~을 베다,B
558,풀다,,,,동,,B
1737,풀리다,,,,동,,B
2398,풍경01,,,,명,風景,B
,프랑스,,,,고,France,A
1769,프로03,,,,명,professional,B
2786,프로04,,,,명,program,B
356,프로그램,,,,명,program,B
5572,플라스틱,,,,명,plastic,B
1811,피02,,,,명,~를 흘리다,B
2641,피곤하다,,,,형,疲困-,A
1770,피다01,,,,동,꽃이 ~,B
3135,피로02,,,,명,疲勞,B
8981,피로하다02,,,,형,疲勞-,B
1194,피부02,,,,명,皮膚,B
2984,피시03,,,,명,PC,B
4572,피아노01,,,,명,piano,A
1239,피우다01,,,,동,,A
8264,피자,,,,명,&이pizza,A
6159,필름,,,,명,film,B
342,필요,,必要,,명,必要,A
251,필요하다,,必要だ、要る,,형,必要-,A
19748,필통,,,,명,筆筒,B
119,하나,,一つ,,수,,A
242,하나,,一[いち],,명,,A
344,하늘01,,空,,명,,A
2,하다01,,する,,동,,A
7,하다01,,（？）する,,보,,A
361,하루01,,,,명,,B
3898,하숙집,,,,명,下宿-,B
57151,하얀색,,,,명,#NAME?,B
1528,하얗다,,,,형,,B
2753,하여튼,,,,부,何如-,B
467,하지만,,でも、しかし,,부,,A
6928,하품01,,,,명,,B
3255,하하01,,,,부,,B
125,학교,,学校,,명,學校,A
2515,학기02,,,,명,學期,B
512,학년,,学年,,명,學年,A
238,학생,,学生、生徒,,명,學生,A
19755,학생증,,,,명,學生證,B
2564,학습,,,,명,學習,B
3451,학원02,,,,명,學院,B
27,한01,,一つの～,,관,,A
,한강,,,,고,漢江,A
,한국,,,,고,韓國,A
6930,한국말,,,,명,韓國-,A
2642,한국어,,,,명,韓國語,A
8267,한국적,,,,명,韓國的,B
1267,한글01,,,,명,,A
2274,한꺼번에,,,,부,,B
2516,한동안,,,,명,,B
1712,한두,,,,관,,B
9855,한둘,,,,수,,B
,한라산,,,,고,漢拏山,B
382,한번,,一度,,명,#NAME?,A
2614,한복,,,,명,韓服,A
2227,한숨02,,,,명,~을 쉬다,B
2643,한자02,,,,명,漢字,A
5067,한잔,,,,명,#NAME?,B
6507,한잔하다,,,,동,­盞-,B
1511,한쪽,,,,명,,B
1612,한참,,,,명,,B
635,한편,,,,부,#NAME?,B
948,한편,,,,명,#NAME?,B
536,할머니,,おばあさん,,명,,A
682,할아버지,,おじいさん,,명,,A
7958,할인01,,,,명,割引,B
95,함께,,共に,,부,,A
2754,함부로,,,,부,,B
6725,합격,,,,명,合格,B
2817,합치다,,,,동,合-,B
754,항상,,いつも、常に,,부,恒常,A
755,해01,,日[ひ]、太陽,,명,,A
1551,해01,,,,의,,A
1968,해결02,,,,명,解決,B
1147,해결하다,,,,동,解決-,B
2540,해마다,,,,부,,B
2911,해석04,,,,명,解釋,B
1387,해외,,,,명,海外,B
9409,해외여행,,,,명,海外旅行,B
10334,핸드폰,,,,명,hand phone,A
6340,햄버거,,,,명,hamburger,A
4751,햇볕,,,,명,,B
2949,햇빛,,,,명,,B
2489,햇살,,,,명,,B
445,행동,,,,명,行動,B
2429,행동하다,,,,동,行動-,B
1969,행복02,,,,명,幸福,B
1891,행복하다,,,,형,幸福-,B
1138,행사01,,,,명,行事,B
2755,향기01,,,,명,香氣,B
4393,향수04,,,,명,香水,B
419,향하다,,,,동,向-,B
1082,허리01,,,,명,,A
2882,허용하다,,,,동,許容-,B
4956,헌,,,,관,,B
2228,헤어지다,,,,동,,B
2260,혀01,,,,명,,B
4249,현관01,,,,명,玄關,B
2302,현금04,,,,명,現金,B
553,현대01,,,,명,現代,B
411,현재02,,,,부,現在,B
823,현재02,,,,명,現在,B
2756,현지03,,,,명,現地,B
702,형01,,（男性から見た）兄,,명,兄,A
1318,형님,,,,명,兄-,B
3257,형부01,,,,명,兄夫,B
2107,형제01,,,,명,兄弟,B
1544,호14,,,,의,號,A
2150,호랑이,,,,명,虎狼-,B
6166,호선80,,,,의,號線. 1~,B
4252,호수07,,,,명,湖水,B
,호주,,,,고,濠洲,A
2460,호텔,,,,명,hotel,A
936,혹은,,,,부,或-,B
367,혼자01,,一人,,명,,A
8626,홈페이지,,,,명,homepage,B
15078,홍차,,,,명,紅茶,B
1714,화06,,,,명,~를 내다,A
3172,화가03,,,,명,畵家,B
8998,화나다,,,,동,火-,B
2108,화려하다,,,,형,華麗-,B
3340,화분01,,,,명,花盆,B
13987,화요일,,,,명,火曜日,A
1904,화장실,,,,명,化粧室,A
1936,화장품,,,,명,化粧品,B
2674,확대되다02,,,,동,擴大-,B
2261,확대하다02,,,,동,擴大-,B
1561,확실하다,,,,형,確實-,B
2399,확실히,,,,부,確實-,B
2788,확인02,,,,명,確認,B
905,확인하다,,,,동,確認-,B
7153,환갑02,,,,명,還甲,B
281,환경02,,,,명,環境,B
8282,환영02,,,,명,歡迎,B
689,환자03,,患者,,명,患者,A
309,활동02,,,,명,活動,B
2615,활동하다01,,,,동,活動-,B
2304,활발하다,,,,형,活潑-,B
1746,활용하다,,,,동,活用-,B
3022,회복하다,,,,동,回復-,B
389,회사04,,会社,,명,會社,A
3964,회색01,,,,명,灰色,B
1730,회원,,,,명,會員,B
537,회의04,,会議,,명,會議,A
612,회장07,,,,명,會長,B
5700,회화05,,,,명,繪畵,B
8633,횡단보도,,,,명,橫斷步道,B
566,효과01,,,,명,效果,B
149,후08,,後,,명,後,A
2541,후배06,,,,명,後輩,B
2262,후춧가루,,,,명,,B
5166,후회하다,,,,동,後悔-,B
966,훌륭하다,,,,형,,B
642,훨씬,,,,부,,B
2542,휴가01,,,,명,休暇,B
5070,휴일,,,,명,休日,A
6169,휴지02,,,,명,休紙,A
10353,휴지통,,,,명,休紙桶,A
459,흐르다01,,,,동,,B
5845,흐리다02,,,,형,날이 ~,B
1234,흔들다,,,,동,,B
1004,흔히,,,,부,,B
3023,흘러가다,,,,동,,B
2985,흘러나오다,,,,동,,B
1308,흘리다,,,,동,,B
1715,흙01,,,,명,,B
3024,흥미,,,,명,興味,B
1366,희다,,,,형,,B
1529,희망,,,,명,希望,B
1999,흰색,,,,명,#NAME?,A
224,힘01,,力,,명,,A
489,힘들다,,きつい、つらい,,형,,A
